"asserter_reference","clinical_status","condition_category","condition_code","condition_display","condition_name","condition_notes","condition_system","encounter_reference","id","onset_date","patient_reference","recorded_date","resourceType","severity","verification_status"
"Practitioner/1853","active",,"22298006","Myocardial infarction","Heart valve disorder",,"http://snomed.info/sct","Encounter/1079","1082","2023-03-26T11:12:14.456+07:00","Patient/1059","2023-03-26","Condition",,"Active"
"Practitioner/1847","active",,"22298006","Small Lump in left breast","Breast Cancer","Patient is suffering from Breast Cancer which is development of abnormal cells that divide uncontrollably and have the ability to infiltrate and destroy normal body tissue.","http://snomed.info/sct","Encounter/1086","1089",,"Patient/591264","2023-03-18","Condition",,"Resolved"
,"active","Diagnosis","38341003","hypertension","hypertension",,"http://snomed.info/ct",,"30170",,"Patient/5342998",,"Condition","Mild",
"Practitioner/1889","active",,"22298006","Myocardial infarction","Small Cell Lung Cancer",,"http://snomed.info/sct",,"39236",,"Patient/591244","2023-03-15","Condition",,"confirmed"
,"active",,"195967001","Asthma",,,"http://snomed.info/sct",,"39256","1950","Patient/39254",,"Condition",,
,"active","Problem List Item","G35","Multiple Sclerosis of brain Stem",,,"https://icd.who.int/browse10/2019/en#","Encounter/15406819","39257","2022-11-21T20:54:43.056Z","Patient/A133642","2023-11-21T20:54:43.056Z","Condition","Severe","confirmed"
,"active",,"J41.0","Simple chronic bronchitis",,,"https://icd.who.int/browse10/2019/en#",,"39258","2022-11-21T20:54:43.056Z","Patient/A133642","2023-11-21T20:54:43.056Z","Condition","Severe","confirmed"
,"active",,"386661006","Hypertension",,,"http://snomed.info/sct",,"39274","2024-01-01T10:00:00+00:00","Patient/39254",,"Condition",,"confirmed"
,"active",,"195967001","Asthma",,,"http://snomed.info/sct",,"39592","1950","Patient/39254",,"Condition",,
,"active",,"195967001","Asthma",,,"http://snomed.info/sct",,"39610","1970",,,"Condition",,
,"active",,"195967001","Asthma",,,"http://snomed.info/sct",,"39628","1950","Patient/39254",,"Condition",,
,"active",,"195967001","Asthma",,,"http://snomed.info/sct",,"39646","1950","Patient/39254",,"Condition",,
,"active",,"195967001","Asthma",,,"http://snomed.info/sct",,"39664","1950","Patient/39254",,"Condition",,
,"active",,"39065001","Burn of ear","Burnt Ear",,"http://snomed.info/sct",,"39730","2019-09-24","Patient/1194",,"Condition",,"confirmed"
,"active",,"39065001","Burn of ear","Burnt Ear",,"http://snomed.info/sct",,"39731","2019-09-24","Patient/1194",,"Condition",,"confirmed"
,"active",,,,"Asthma",,,,"39733",,"Patient/1201",,"Condition",,"confirmed"
"Practitioner/1058","active",,"386661006","Fever",,,"http://snomed.info/sct",,"39735","2013-04-02","Patient/1200","2019-04-04","Condition",,"confirmed"
"Practitioner/1058","active",,"87628006","Bacterial infectious disease",,,"http://snomed.info/sct",,"39737",,"Patient/1316","2019-09-04","Condition",,"differential"
"Patient/1208","active",,"254637007","NSCLC - Non-small cell lung cancer",,,"http://snomed.info/sct",,"39740","2019-08-05","Patient/1203","2019-08-03","Condition",,"confirmed"
"Practitioner/1058","active",,"87628006","Bacterial infectious disease",,,"http://snomed.info/sct",,"39741",,"Patient/1203","2019-09-10","Condition",,"differential"
"Patient/1208","active",,"18099001","Retropharyngeal abscess",,,"http://snomed.info/sct",,"39744","2018-02-27","Patient/1208","2018-02-20","Condition",,"confirmed"
,"active",,"195967001","Asthma",,,"http://snomed.info/sct",,"39746","1950","Patient/39254",,"Condition",,
,"active",,"195967001","Asthma",,,"http://snomed.info/sct",,"39792","1950","Patient/39254",,"Condition",,
,"active",,"195967001","Asthma",,,"http://snomed.info/sct",,"39812","1950","Patient/39254",,"Condition",,
,"active",,"195967001","Asthma",,,"http://snomed.info/sct",,"40072","1950","Patient/39254",,"Condition",,
,"active",,"195967001","Asthma",,,"http://snomed.info/sct",,"40090","1950","Patient/39254",,"Condition",,
,"active",,"195967001","Asthma",,,"http://snomed.info/sct",,"40108","1950","Patient/39254",,"Condition",,
,"active",,"195967001","Asthma",,,"http://snomed.info/sct",,"40126","1950","Patient/39254",,"Condition",,
,"active",,"195967001","Asthma",,,"http://snomed.info/sct",,"40144","1950","Patient/39254",,"Condition",,
,"active",,"195967001","Asthma",,,"http://snomed.info/sct",,"40195","1950","Patient/39254",,"Condition",,
,"active",,"195967001","Asthma",,,"http://snomed.info/sct",,"40223","1950","Patient/39254",,"Condition",,
,"active",,"195967001","Asthma",,,"http://snomed.info/sct",,"40243","1950","Patient/39254",,"Condition",,
,"active",,"195967001","Asthma",,,"http://snomed.info/sct",,"40317","1950","Patient/39254",,"Condition",,
,"active",,"195967001","Asthma",,,"http://snomed.info/sct",,"40457","1950","Patient/39254",,"Condition",,
,"active",,"195967001","Asthma",,,"http://snomed.info/sct",,"40463","1950","Patient/39254",,"Condition",,
,"active",,"195967001","Asthma",,,"http://snomed.info/sct",,"40481","1950","Patient/39254",,"Condition",,
,"active",,"195967001","Asthma",,,"http://snomed.info/sct",,"40507","1950","Patient/39254",,"Condition",,
,"active",,"195967001","Asthma",,,"http://snomed.info/sct",,"41041","1950","Patient/39254",,"Condition",,
,"active",,"195967001","Asthma",,,"http://snomed.info/sct",,"41378","1950","Patient/39254",,"Condition",,
,"active",,"195967001","Asthma",,,"http://snomed.info/sct",,"41384","1950","Patient/39254",,"Condition",,
,"active",,"195967001","Asthma",,,"http://snomed.info/sct",,"42105","1950","Patient/39254",,"Condition",,
,"active",,"195967001","Asthma",,,"http://snomed.info/sct",,"42144","1950","Patient/39254",,"Condition",,
,"active",,"195967001","Asthma",,,"http://snomed.info/sct",,"42150","1950","Patient/39254",,"Condition",,
,"active",,"195967001","Asthma",,,"http://snomed.info/sct",,"42168","1950","Patient/39254",,"Condition",,
,"active",,"195967001","Asthma",,,"http://snomed.info/sct",,"42186","1950","Patient/39254",,"Condition",,
,"active",,"195967001","Asthma",,,"http://snomed.info/sct",,"45214","1950","Patient/39254",,"Condition",,
,"active",,"195967001","Asthma",,,"http://snomed.info/sct",,"45394","1950","Patient/39254",,"Condition",,
,"active",,"195967001","Asthma",,,"http://snomed.info/sct",,"45412","1950","Patient/39254",,"Condition",,
,"active",,"195967001","Asthma",,,"http://snomed.info/sct",,"45446","1950","Patient/39254",,"Condition",,
,"active",,"195967001","Asthma",,,"http://snomed.info/sct",,"45464","1950","Patient/39254",,"Condition",,
,"active",,"195967001","Asthma",,,"http://snomed.info/sct",,"46698","1950","Patient/39254",,"Condition",,
,"active",,"195967001","Asthma",,,"http://snomed.info/sct",,"47402","1950","Patient/39254",,"Condition",,
,"active",,"195967001","Asthma",,,"http://snomed.info/sct",,"47420","1950","Patient/39254",,"Condition",,
,"active",,"195967001","Asthma",,,"http://snomed.info/sct",,"47454","1950","Patient/39254",,"Condition",,
,"active",,"195967001","Asthma",,,"http://snomed.info/sct",,"47472","1950","Patient/39254",,"Condition",,
,"active",,"195967001","Asthma",,,"http://snomed.info/sct",,"47506","1950","Patient/39254",,"Condition",,
,"active",,"195967001","Asthma",,,"http://snomed.info/sct",,"47696","1950","Patient/39254",,"Condition",,
,"active",,"195967001","Asthma",,,"http://snomed.info/sct",,"48003","1950","Patient/39254",,"Condition",,
,"active",,"195967001","Asthma",,,"http://snomed.info/sct",,"48025","1950","Patient/39254",,"Condition",,
,"active",,"195967001","Asthma",,,"http://snomed.info/sct",,"48043","1950","Patient/39254",,"Condition",,
,"active",,"39065001","Burn of ear","Burnt Ear",,"http://snomed.info/sct",,"73153","2012-05-24",,,"Condition",,"confirmed"
,"active",,"39065001","Burn of ear","Burnt Ear",,"http://snomed.info/sct",,"73198","2012-05-24",,,"Condition",,"confirmed"
,"active",,"39065001","Burn of ear","Burnt Ear",,"http://snomed.info/sct",,"73299","2012-05-24",,,"Condition",,"confirmed"
,"active",,"39065001","Burn of ear","Burnt Ear",,"http://snomed.info/sct",,"73699","2012-05-24",,,"Condition",,"confirmed"
,"active",,"39065001","Burn of ear","Burnt Ear",,"http://snomed.info/sct",,"73784","2012-05-24",,,"Condition",,"confirmed"
,"active",,"39065001","Burn of ear","Burnt Ear",,"http://snomed.info/sct",,"73880","2012-05-24",,,"Condition",,"confirmed"
,"active",,"39065001","Burn of ear","Burnt Ear",,"http://snomed.info/sct",,"73919","2012-05-24",,,"Condition",,"confirmed"
,"active",,"39065001","Burn of ear","Burnt Ear",,"http://snomed.info/sct",,"73961","2012-05-24",,,"Condition",,"confirmed"
,"active",,"39065001","Burn of ear","Burnt Ear",,"http://snomed.info/sct",,"74008","2012-05-24",,,"Condition",,"confirmed"
,"active",,"39065001","Burn of ear","Burnt Ear",,"http://snomed.info/sct",,"74055","2012-05-24",,,"Condition",,"confirmed"
,"active",,"39065001","Burn of ear","Burnt Ear",,"http://snomed.info/sct",,"74103","2012-05-24",,,"Condition",,"confirmed"
,"active",,"39065001","Burn of ear","Burnt Ear",,"http://snomed.info/sct",,"74561","2012-05-24",,,"Condition",,"confirmed"
,"active",,"39065001","Burn of ear","Burnt Ear",,"http://snomed.info/sct",,"75404","2012-05-24",,,"Condition",,"confirmed"
,"active",,"39065001","Burn of ear","Burnt Ear",,"http://snomed.info/sct",,"75466","2012-05-24",,,"Condition",,"confirmed"
,"active",,"39065001","Burn of ear","Burnt Ear",,"http://snomed.info/sct",,"75533","2012-05-24",,,"Condition",,"confirmed"
,"active",,"39065001","Burn of ear","Burnt Ear",,"http://snomed.info/sct",,"75597","2012-05-24",,,"Condition",,"confirmed"
,"active",,"39065001","Burn of ear","Burnt Ear",,"http://snomed.info/sct",,"75669","2012-05-24",,,"Condition",,"confirmed"
,"active",,"39065001","Burn of ear","Burnt Ear",,"http://snomed.info/sct",,"75739","2012-05-24",,,"Condition",,"confirmed"
,"active",,"39065001","Burn of ear","Burnt Ear",,"http://snomed.info/sct",,"75810","2012-05-24",,,"Condition",,"confirmed"
,"active",,"39065001","Burn of ear","Burnt Ear",,"http://snomed.info/sct",,"75885","2012-05-24",,,"Condition",,"confirmed"
,"active",,"39065001","Burn of ear","Burnt Ear",,"http://snomed.info/sct",,"75957","2012-05-24",,,"Condition",,"confirmed"
,"active",,"39065001","Burn of ear","Burnt Ear",,"http://snomed.info/sct",,"76029","2012-05-24",,,"Condition",,"confirmed"
,"active",,"39065001","Burn of ear","Burnt Ear",,"http://snomed.info/sct",,"76101","2012-05-24",,,"Condition",,"confirmed"
,"active",,"39065001","Burn of ear","Burnt Ear",,"http://snomed.info/sct",,"76158","2012-05-24",,,"Condition",,"confirmed"
,"active",,"39065001","Burn of ear","Burnt Ear",,"http://snomed.info/sct",,"76226","2012-05-24",,,"Condition",,"confirmed"
,"active",,"39065001","Burn of ear","Burnt Ear",,"http://snomed.info/sct",,"76286","2012-05-24",,,"Condition",,"confirmed"
,"active",,"39065001","Burn of ear","Burnt Ear",,"http://snomed.info/sct",,"76460","2012-05-24",,,"Condition",,"confirmed"
,"active",,"39065001","Burn of ear","Burnt Ear",,"http://snomed.info/sct",,"76535","2012-05-24",,,"Condition",,"confirmed"
,"active",,"39065001","Burn of ear","Burnt Ear",,"http://snomed.info/sct",,"76610","2012-05-24",,,"Condition",,"confirmed"
,"active",,"39065001","Burn of ear","Burnt Ear",,"http://snomed.info/sct",,"76698","2012-05-24",,,"Condition",,"confirmed"
,"active",,"39065001","Burn of ear","Burnt Ear",,"http://snomed.info/sct",,"76793","2012-05-24",,,"Condition",,"confirmed"
,"active",,"39065001","Burn of ear","Burnt Ear",,"http://snomed.info/sct",,"76888","2012-05-24",,,"Condition",,"confirmed"
,"active",,"39065001","Burn of ear","Burnt Ear",,"http://snomed.info/sct",,"76983","2012-05-24",,,"Condition",,"confirmed"
,"active",,"39065001","Burn of ear","Burnt Ear",,"http://snomed.info/sct",,"77086","2012-05-24",,,"Condition",,"confirmed"
,"active",,"39065001","Burn of ear","Burnt Ear",,"http://snomed.info/sct",,"77180","2012-05-24",,,"Condition",,"confirmed"
,"active",,"39065001","Burn of ear","Burnt Ear",,"http://snomed.info/sct",,"77275","2012-05-24",,,"Condition",,"confirmed"
,"active",,"39065001","Burn of ear","Burnt Ear",,"http://snomed.info/sct",,"77540","2012-05-24",,,"Condition",,"confirmed"
,"active",,"39065001","Burn of ear","Burnt Ear",,"http://snomed.info/sct",,"77685","2012-05-24",,,"Condition",,"confirmed"
,"active",,"39065001","Burn of ear","Burnt Ear",,"http://snomed.info/sct",,"77900","2012-05-24",,,"Condition",,"confirmed"
,"active",,"39065001","Burn of ear","Burnt Ear",,"http://snomed.info/sct",,"78063","2012-05-24",,,"Condition",,"confirmed"
,"active",,"39065001","Burn of ear","Burnt Ear",,"http://snomed.info/sct",,"78184","2012-05-24",,,"Condition",,"confirmed"
,"active",,"39065001","Burn of ear","Burnt Ear",,"http://snomed.info/sct",,"78570","2012-05-24",,,"Condition",,"confirmed"
,"active",,"39065001","Burn of ear","Burnt Ear",,"http://snomed.info/sct",,"78771","2012-05-24",,,"Condition",,"confirmed"
,"active",,"39065001","Burn of ear","Burnt Ear",,"http://snomed.info/sct",,"78941","2012-05-24",,,"Condition",,"confirmed"
,"active",,"39065001","Burn of ear","Burnt Ear",,"http://snomed.info/sct",,"79159","2012-05-24",,,"Condition",,"confirmed"
,"active",,"39065001","Burn of ear","Burnt Ear",,"http://snomed.info/sct",,"79618","2012-05-24",,,"Condition",,"confirmed"
,"active",,"39065001","Burn of ear","Burnt Ear",,"http://snomed.info/sct",,"79780","2012-05-24",,,"Condition",,"confirmed"
,"active",,"39065001","Burn of ear","Burnt Ear",,"http://snomed.info/sct",,"84053","2012-05-24",,,"Condition",,"confirmed"
,"active",,"39065001","Burn of ear","Burnt Ear",,"http://snomed.info/sct",,"84437","2012-05-24",,,"Condition",,"confirmed"
,"active",,"39065001","Burn of ear","Burnt Ear",,"http://snomed.info/sct",,"84613","2012-05-24",,,"Condition",,"confirmed"
,"active",,"39065001","Burn of ear","Burnt Ear",,"http://snomed.info/sct",,"84722","2012-05-24",,,"Condition",,"confirmed"
,"active",,"39065001","Burn of ear","Burnt Ear",,"http://snomed.info/sct",,"85088","2012-05-24",,,"Condition",,"confirmed"
,"active",,"39065001","Burn of ear","Burnt Ear",,"http://snomed.info/sct",,"85380","2012-05-24",,,"Condition",,"confirmed"
,"active",,"39065001","Burn of ear","Burnt Ear",,"http://snomed.info/sct",,"85698","2012-05-24",,,"Condition",,"confirmed"
,"active",,"39065001","Burn of ear","Burnt Ear",,"http://snomed.info/sct",,"85815","2012-05-24",,,"Condition",,"confirmed"
,"active",,"39065001","Burn of ear","Burnt Ear",,"http://snomed.info/sct",,"86297","2012-05-24",,,"Condition",,"confirmed"
,"active",,"39065001","Burn of ear","Burnt Ear",,"http://snomed.info/sct",,"86348","2012-05-24",,,"Condition",,"confirmed"
,"active",,"39065001","Burn of ear","Burnt Ear",,"http://snomed.info/sct",,"86989","2012-05-24",,,"Condition",,"confirmed"
,"active",,"39065001","Burn of ear","Burnt Ear",,"http://snomed.info/sct",,"87438","2012-05-24",,,"Condition",,"confirmed"
,"active",,"39065001","Burn of ear","Burnt Ear",,"http://snomed.info/sct",,"87458","2012-05-24",,,"Condition",,"confirmed"
,"active",,"39065001","Burn of ear","Burnt Ear",,"http://snomed.info/sct",,"87716","2012-05-24",,,"Condition",,"confirmed"
,"active",,"39065001","Burn of ear","Burnt Ear",,"http://snomed.info/sct",,"88121","2012-05-24",,,"Condition",,"confirmed"
,"active",,"39065001","Burn of ear","Burnt Ear",,"http://snomed.info/sct",,"88405","2012-05-24",,,"Condition",,"confirmed"
,"active",,"39065001","Burn of ear","Burnt Ear",,"http://snomed.info/sct",,"89022","2012-05-24",,,"Condition",,"confirmed"
,"active",,"39065001","Burn of ear","Burnt Ear",,"http://snomed.info/sct",,"89650","2012-05-24",,,"Condition",,"confirmed"
,"active",,"39065001","Burn of ear","Burnt Ear",,"http://snomed.info/sct",,"90485","2012-05-24",,,"Condition",,"confirmed"
,"active",,"39065001","Burn of ear","Burnt Ear",,"http://snomed.info/sct",,"92171","2012-05-24",,,"Condition",,"confirmed"
,"active",,"39065001","Burn of ear","Burnt Ear",,"http://snomed.info/sct",,"103109","2012-05-24",,,"Condition",,"confirmed"
,"active",,"39065001","Burn of ear","Burnt Ear",,"http://snomed.info/sct",,"103186","2012-05-24",,,"Condition",,"confirmed"
,"active",,"39065001","Burn of ear","Burnt Ear",,"http://snomed.info/sct",,"103262","2012-05-24",,,"Condition",,"confirmed"
,"active",,"39065001","Burn of ear","Burnt Ear",,"http://snomed.info/sct",,"103340","2012-05-24",,,"Condition",,"confirmed"
,"active",,"39065001","Burn of ear","Burnt Ear",,"http://snomed.info/sct",,"103418","2012-05-24",,,"Condition",,"confirmed"
,"active",,"39065001","Burn of ear","Burnt Ear",,"http://snomed.info/sct",,"103496","2012-05-24",,,"Condition",,"confirmed"
,"active",,"39065001","Burn of ear","Burnt Ear",,"http://snomed.info/sct",,"103575","2012-05-24",,,"Condition",,"confirmed"
,"active",,"39065001","Burn of ear","Burnt Ear",,"http://snomed.info/sct",,"103656","2012-05-24",,,"Condition",,"confirmed"
,"active",,"39065001","Burn of ear","Burnt Ear",,"http://snomed.info/sct",,"103737","2012-05-24",,,"Condition",,"confirmed"
,"active",,"39065001","Burn of ear","Burnt Ear",,"http://snomed.info/sct",,"103819","2012-05-24",,,"Condition",,"confirmed"
,"active",,"39065001","Burn of ear","Burnt Ear",,"http://snomed.info/sct",,"103923","2012-05-24",,,"Condition",,"confirmed"
,"active",,"39065001","Burn of ear","Burnt Ear",,"http://snomed.info/sct",,"104047","2012-05-24",,,"Condition",,"confirmed"
,"active",,"39065001","Burn of ear","Burnt Ear",,"http://snomed.info/sct",,"104158","2012-05-24",,,"Condition",,"confirmed"
,"active",,"39065001","Burn of ear","Burnt Ear",,"http://snomed.info/sct",,"104267","2012-05-24",,,"Condition",,"confirmed"
,"active",,"39065001","Burn of ear","Burnt Ear",,"http://snomed.info/sct",,"104376","2012-05-24",,,"Condition",,"confirmed"
,"active",,"39065001","Burn of ear","Burnt Ear",,"http://snomed.info/sct",,"104485","2012-05-24",,,"Condition",,"confirmed"
,"active",,"39065001","Burn of ear","Burnt Ear",,"http://snomed.info/sct",,"104595","2012-05-24",,,"Condition",,"confirmed"
,"active",,"39065001","Burn of ear","Burnt Ear",,"http://snomed.info/sct",,"104705","2012-05-24",,,"Condition",,"confirmed"
,"active",,"39065001","Burn of ear","Burnt Ear",,"http://snomed.info/sct",,"104812","2012-05-24",,,"Condition",,"confirmed"
,"active",,"39065001","Burn of ear","Burnt Ear",,"http://snomed.info/sct",,"104926","2012-05-24",,,"Condition",,"confirmed"
,"active",,"39065001","Burn of ear","Burnt Ear",,"http://snomed.info/sct",,"105037","2012-05-24",,,"Condition",,"confirmed"
,"active",,"39065001","Burn of ear","Burnt Ear",,"http://snomed.info/sct",,"105162","2012-05-24",,,"Condition",,"confirmed"
,"active",,"39065001","Burn of ear","Burnt Ear",,"http://snomed.info/sct",,"105286","2012-05-24",,,"Condition",,"confirmed"
,"active",,"39065001","Burn of ear","Burnt Ear",,"http://snomed.info/sct",,"105456","2012-05-24",,,"Condition",,"confirmed"
,"active",,"39065001","Burn of ear","Burnt Ear",,"http://snomed.info/sct",,"105563","2012-05-24",,,"Condition",,"confirmed"
,"active",,"39065001","Burn of ear","Burnt Ear",,"http://snomed.info/sct",,"105683","2012-05-24",,,"Condition",,"confirmed"
,"active",,"39065001","Burn of ear","Burnt Ear",,"http://snomed.info/sct",,"105790","2012-05-24",,,"Condition",,"confirmed"
,"active",,"39065001","Burn of ear","Burnt Ear",,"http://snomed.info/sct",,"105903","2012-05-24",,,"Condition",,"confirmed"
,"active",,"39065001","Burn of ear","Burnt Ear",,"http://snomed.info/sct",,"105931","2012-05-24",,,"Condition",,"confirmed"
,"active",,"39065001","Burn of ear","Burnt Ear",,"http://snomed.info/sct",,"105961","2012-05-24",,,"Condition",,"confirmed"
,"active",,"39065001","Burn of ear","Burnt Ear",,"http://snomed.info/sct",,"105997","2012-05-24",,,"Condition",,"confirmed"
,"active",,"39065001","Burn of ear","Burnt Ear",,"http://snomed.info/sct",,"106028","2012-05-24",,,"Condition",,"confirmed"
,"active",,"39065001","Burn of ear","Burnt Ear",,"http://snomed.info/sct",,"106054","2012-05-24",,,"Condition",,"confirmed"
,"active",,"39065001","Burn of ear","Burnt Ear",,"http://snomed.info/sct",,"106081","2012-05-24",,,"Condition",,"confirmed"
,"active",,"39065001","Burn of ear","Burnt Ear",,"http://snomed.info/sct",,"106109","2012-05-24",,,"Condition",,"confirmed"
,"active",,"39065001","Burn of ear","Burnt Ear",,"http://snomed.info/sct",,"106137","2012-05-24",,,"Condition",,"confirmed"
,"active",,"39065001","Burn of ear","Burnt Ear",,"http://snomed.info/sct",,"106165","2012-05-24",,,"Condition",,"confirmed"
,"active",,"39065001","Burn of ear","Burnt Ear",,"http://snomed.info/sct",,"106193","2012-05-24",,,"Condition",,"confirmed"
,"active",,"39065001","Burn of ear","Burnt Ear",,"http://snomed.info/sct",,"106222","2012-05-24",,,"Condition",,"confirmed"
,"active",,"39065001","Burn of ear","Burnt Ear",,"http://snomed.info/sct",,"113267","2012-05-24",,,"Condition",,"confirmed"
,"active",,"39065001","Burn of ear","Burnt Ear",,"http://snomed.info/sct",,"113319","2012-05-24",,,"Condition",,"confirmed"
,"active",,"39065001","Burn of ear","Burnt Ear",,"http://snomed.info/sct",,"113369","2012-05-24",,,"Condition",,"confirmed"
,"active",,"39065001","Burn of ear","Burnt Ear",,"http://snomed.info/sct",,"113408","2012-05-24",,,"Condition",,"confirmed"
,"active",,"39065001","Burn of ear","Burnt Ear",,"http://snomed.info/sct",,"113450","2012-05-24",,,"Condition",,"confirmed"
,"active",,"39065001","Burn of ear","Burnt Ear",,"http://snomed.info/sct",,"113561","2012-05-24",,,"Condition",,"confirmed"
,"active",,"39065001","Burn of ear","Burnt Ear",,"http://snomed.info/sct",,"113677","2012-05-24",,,"Condition",,"confirmed"
,"active",,"39065001","Burn of ear","Burnt Ear",,"http://snomed.info/sct",,"113789","2012-05-24",,,"Condition",,"confirmed"
,"active",,"39065001","Burn of ear","Burnt Ear",,"http://snomed.info/sct",,"113906","2012-05-24",,,"Condition",,"confirmed"
,"active",,"39065001","Burn of ear","Burnt Ear",,"http://snomed.info/sct",,"114017","2012-05-24",,,"Condition",,"confirmed"
,"active",,"39065001","Burn of ear","Burnt Ear",,"http://snomed.info/sct",,"114128","2012-05-24",,,"Condition",,"confirmed"
,"active",,"39065001","Burn of ear","Burnt Ear",,"http://snomed.info/sct",,"114239","2012-05-24",,,"Condition",,"confirmed"
,"active",,"39065001","Burn of ear","Burnt Ear",,"http://snomed.info/sct",,"114513","2012-05-24",,,"Condition",,"confirmed"
,"active",,"39065001","Burn of ear","Burnt Ear",,"http://snomed.info/sct",,"115497","2012-05-24",,,"Condition",,"confirmed"
,"active",,"39065001","Burn of ear","Burnt Ear",,"http://snomed.info/sct",,"115605","2012-05-24",,,"Condition",,"confirmed"
,"active",,"39065001","Burn of ear","Burnt Ear",,"http://snomed.info/sct",,"115716","2012-05-24",,,"Condition",,"confirmed"
,"active",,"39065001","Burn of ear","Burnt Ear",,"http://snomed.info/sct",,"115827","2012-05-24",,,"Condition",,"confirmed"
,"active",,"39065001","Burn of ear","Burnt Ear",,"http://snomed.info/sct",,"115938","2012-05-24",,,"Condition",,"confirmed"
,"active",,"39065001","Burn of ear","Burnt Ear",,"http://snomed.info/sct",,"116080","2012-05-24",,,"Condition",,"confirmed"
,"active",,"39065001","Burn of ear","Burnt Ear",,"http://snomed.info/sct",,"116424","2012-05-24",,,"Condition",,"confirmed"
,"active",,"39065001","Burn of ear","Burnt Ear",,"http://snomed.info/sct",,"116535","2012-05-24",,,"Condition",,"confirmed"
,"active",,"39065001","Burn of ear","Burnt Ear",,"http://snomed.info/sct",,"116646","2012-05-24",,,"Condition",,"confirmed"
,"active",,"39065001","Burn of ear","Burnt Ear",,"http://snomed.info/sct",,"116941","2012-05-24",,,"Condition",,"confirmed"
,"active",,"39065001","Burn of ear","Burnt Ear",,"http://snomed.info/sct",,"117053","2012-05-24",,,"Condition",,"confirmed"
,"active",,"39065001","Fear of cancer","Fear of cancer",,"http://snomed.info/sct",,"138292","2019-09-24","Patient/1201",,"Condition",,"confirmed"
,"active",,"39065001","Burn of ear","Burnt Ear",,"http://snomed.info/sct",,"182233","2012-05-24","Patient/example",,"Condition",,"confirmed"
,"active",,"39065001","Burn of ear","Burnt Ear",,"http://snomed.info/sct",,"182356","2012-05-24","Patient/example",,"Condition",,"confirmed"
,"active",,"39065001","Burn of ear","Burnt Ear",,"http://snomed.info/sct",,"182910","2012-05-24","Patient/example",,"Condition",,"confirmed"
,"active",,"39065001","Burn of ear","Burnt Ear",,"http://snomed.info/sct",,"183291","2012-05-24","Patient/example",,"Condition",,"confirmed"
,"active",,"39065001","Burn of ear","Burnt Ear",,"http://snomed.info/sct",,"183897","2012-05-24","Patient/example",,"Condition",,"confirmed"
,"active",,"39065001","Burn of ear","Burnt Ear",,"http://snomed.info/sct",,"184129","2012-05-24","Patient/example",,"Condition",,"confirmed"
,"active",,"39065001","Burn of ear","Burnt Ear",,"http://snomed.info/sct",,"191956","2012-05-24","Patient/example",,"Condition",,"confirmed"
,"active",,"39065001","Burn of ear","Burnt Ear",,"http://snomed.info/sct",,"192306","2012-05-24","Patient/example",,"Condition",,"confirmed"
,"active",,"39065001","Burn of ear","Burnt Ear",,"http://snomed.info/sct",,"192847","2012-05-24","Patient/example",,"Condition",,"confirmed"
,"active",,"39065001","Burn of ear","Burnt Ear",,"http://snomed.info/sct",,"195715","2012-05-24","Patient/example",,"Condition",,"confirmed"
,"active",,"39065001","Burn of ear","Burnt Ear",,"http://snomed.info/sct",,"206423","2012-05-24","Patient/example",,"Condition",,"confirmed"
,"active",,"39065001","Burn of ear","Burnt Ear",,"http://snomed.info/sct",,"206543","2012-05-24","Patient/example",,"Condition",,"confirmed"
,"active",,"39065001","Burn of ear","Burnt Ear",,"http://snomed.info/sct",,"206723","2012-05-24","Patient/206686",,"Condition",,"confirmed"
,"active",,"39065001","Burn of ear","Burnt Ear",,"http://snomed.info/sct",,"214364","2012-05-24","Patient/example",,"Condition",,"confirmed"
,"active",,"39065001","Burn of ear","Burnt Ear",,"http://snomed.info/sct",,"215608","2012-05-24","Patient/example",,"Condition",,"confirmed"
,"active",,"39065001","Burn of ear","Burnt Ear",,"http://snomed.info/sct",,"215700","2012-05-24","Patient/example",,"Condition",,"confirmed"
,"active",,"39065001","Burn of ear","Burnt Ear",,"http://snomed.info/sct",,"215727","2012-05-24","Patient/example",,"Condition",,"confirmed"
,"active",,"39065001","Burn of ear","Burnt Ear",,"http://snomed.info/sct",,"215755","2012-05-24","Patient/example",,"Condition",,"confirmed"
,"active",,"39065001","Burn of ear","Burnt Ear",,"http://snomed.info/sct",,"215819","2012-05-24","Patient/example",,"Condition",,"confirmed"
,"active",,"39065001","Burn of ear","Burnt Ear",,"http://snomed.info/sct",,"216057","2012-05-24","Patient/example",,"Condition",,"confirmed"
,"active",,"39065001","Burn of ear","Burnt Ear",,"http://snomed.info/sct",,"216175","2012-05-24","Patient/example",,"Condition",,"confirmed"
,"active",,"39065001","Burn of ear","Burnt Ear",,"http://snomed.info/sct",,"216258","2012-05-24","Patient/example",,"Condition",,"confirmed"
,"active",,"39065001","Burn of ear","Burnt Ear",,"http://snomed.info/sct",,"216328","2012-05-24","Patient/example",,"Condition",,"confirmed"
,"active",,"39065001","Burn of ear","Burnt Ear",,"http://snomed.info/sct",,"216387","2012-05-24","Patient/example",,"Condition",,"confirmed"
,"active",,"39065001","Burn of ear","Burnt Ear",,"http://snomed.info/sct",,"216479","2012-05-24","Patient/example",,"Condition",,"confirmed"
,"active",,"39065001","Burn of ear","Burnt Ear",,"http://snomed.info/sct",,"216515","2012-05-24","Patient/example",,"Condition",,"confirmed"
,"active",,"39065001","Burn of ear","Burnt Ear",,"http://snomed.info/sct",,"218134","2012-05-24","Patient/example",,"Condition",,"confirmed"
,"active",,"39065001","Burn of ear","Burnt Ear",,"http://snomed.info/sct",,"218253","2012-05-24","Patient/example",,"Condition",,"confirmed"
,"active",,"39065001","Burn of ear","Burnt Ear",,"http://snomed.info/sct",,"218293","2012-05-24","Patient/example",,"Condition",,"confirmed"
,"active",,"39065001","Burn of ear","Burnt Ear",,"http://snomed.info/sct",,"218389","2012-05-24","Patient/example",,"Condition",,"confirmed"
,"active",,"39065001","Burn of ear","Burnt Ear",,"http://snomed.info/sct",,"218518","2012-05-24","Patient/example",,"Condition",,"confirmed"
,"active",,"39065001","Burn of ear","Burnt Ear",,"http://snomed.info/sct",,"218711","2012-05-24","Patient/example",,"Condition",,"confirmed"
,"active",,"39065001","Burn of ear","Burnt Ear",,"http://snomed.info/sct",,"218795","2012-05-24","Patient/example",,"Condition",,"confirmed"
,"active",,"39065001","Burn of ear","Burnt Ear",,"http://snomed.info/sct",,"218832","2012-05-24","Patient/example",,"Condition",,"confirmed"
,"active",,"39065001","Burn of ear","Burnt Ear",,"http://snomed.info/sct",,"218919","2012-05-24","Patient/example",,"Condition",,"confirmed"
,"active",,"39065001","Burn of ear","Burnt Ear",,"http://snomed.info/sct",,"218996","2012-05-24","Patient/example",,"Condition",,"confirmed"
,"active",,"39065001","Burn of ear","Burnt Ear",,"http://snomed.info/sct",,"219035","2012-05-24","Patient/example",,"Condition",,"confirmed"
,"active",,"39065001","Burn of ear","Burnt Ear",,"http://snomed.info/sct",,"219078","2012-05-24","Patient/example",,"Condition",,"confirmed"
,"active",,"39065001","Burn of ear","Burnt Ear",,"http://snomed.info/sct",,"219635","2012-05-24","Patient/example",,"Condition",,"confirmed"
,"active",,"39065001","Burn of ear","Burnt Ear",,"http://snomed.info/sct",,"219687","2012-05-24","Patient/example",,"Condition",,"confirmed"
,"active",,"39065001","Burn of ear","Burnt Ear",,"http://snomed.info/sct",,"220204","2012-05-24",,,"Condition",,"confirmed"
,"active",,"39065001","Burn of ear","Burnt Ear",,"http://snomed.info/sct",,"220811","2012-05-24",,,"Condition",,"confirmed"
,"active",,"39065001","Burn of ear","Burnt Ear",,"http://snomed.info/sct",,"220921","2012-05-24",,,"Condition",,"confirmed"
,"active",,"39065001","Burn of ear","Burnt Ear",,"http://snomed.info/sct",,"220974","2012-05-24","Patient/example",,"Condition",,"confirmed"
,"active",,"39065001","Burn of ear","Burnt Ear",,"http://snomed.info/sct",,"221028","2012-05-24",,,"Condition",,"confirmed"
,"active",,"39065001","Burn of ear","Burnt Ear",,"http://snomed.info/sct",,"221062","2012-05-24","Patient/example",,"Condition",,"confirmed"
,"active",,"39065001","Burn of ear","Burnt Ear",,"http://snomed.info/sct",,"221143","2012-05-24","Patient/example",,"Condition",,"confirmed"
,"active",,"39065001","Burn of ear","Burnt Ear",,"http://snomed.info/sct",,"221192","2012-05-24",,,"Condition",,"confirmed"
,"active",,"39065001","Burn of ear","Burnt Ear",,"http://snomed.info/sct",,"221197","2012-05-24",,,"Condition",,"confirmed"
,"active",,"39065001","Burn of ear","Burnt Ear",,"http://snomed.info/sct",,"221202","2012-05-24",,,"Condition",,"confirmed"
,"active",,"39065001","Burn of ear","Burnt Ear",,"http://snomed.info/sct",,"221239","2012-05-24",,,"Condition",,"confirmed"
,"active",,"39065001","Burn of ear","Burnt Ear",,"http://snomed.info/sct",,"221252","2012-05-24",,,"Condition",,"confirmed"
,"active",,"39065001","Burn of ear","Burnt Ear",,"http://snomed.info/sct",,"221265","2012-05-24",,,"Condition",,"confirmed"
,"active",,"39065001","Burn of ear","Burnt Ear",,"http://snomed.info/sct",,"221272","2012-05-24",,,"Condition",,"confirmed"
,"active",,"39065001","Burn of ear","Burnt Ear",,"http://snomed.info/sct",,"221310","2012-05-24",,,"Condition",,"confirmed"
,"active",,"39065001","Burn of ear","Burnt Ear",,"http://snomed.info/sct",,"221314","2012-05-24",,,"Condition",,"confirmed"
,"active",,"39065001","Burn of ear","Burnt Ear",,"http://snomed.info/sct",,"221428","2012-05-24","Patient/example",,"Condition",,"confirmed"
,"active",,"39065001","Burn of ear","Burnt Ear",,"http://snomed.info/sct",,"221514","2012-05-24","Patient/example",,"Condition",,"confirmed"
,"active",,"39065001","Burn of ear","Burnt Ear",,"http://snomed.info/sct",,"221570","2012-05-24","Patient/example",,"Condition",,"confirmed"
,"active",,"39065001","Burn of ear","Burnt Ear",,"http://snomed.info/sct",,"221893","2012-05-24","Patient/example",,"Condition",,"confirmed"
,"active",,"39065001","Burn of ear","Burnt Ear",,"http://snomed.info/sct",,"221914","2012-05-24",,,"Condition",,"confirmed"
,"active",,"39065001","Burn of ear","Burnt Ear",,"http://snomed.info/sct",,"222152","2012-05-24","Patient/example",,"Condition",,"confirmed"
,"active",,"39065001","Burn of ear","Burnt Ear",,"http://snomed.info/sct",,"222189","2012-05-24",,,"Condition",,"confirmed"
,"active",,"39065001","Burn of ear","Burnt Ear",,"http://snomed.info/sct",,"222292","2012-05-24",,,"Condition",,"confirmed"
,"active",,"39065001","Burn of ear","Burnt Ear",,"http://snomed.info/sct",,"222467","2012-05-24",,,"Condition",,"confirmed"
,"active",,"39065001","Burn of ear","Burnt Ear",,"http://snomed.info/sct",,"222628","2012-05-24",,,"Condition",,"confirmed"
,"active",,"39065001","Burn of ear","Burnt Ear",,"http://snomed.info/sct",,"222635","2012-05-24",,,"Condition",,"confirmed"
,"active",,"39065001","Burn of ear","Burnt Ear",,"http://snomed.info/sct",,"222799","2012-05-24","Patient/example",,"Condition",,"confirmed"
,"active",,"39065001","Burn of ear","Burnt Ear",,"http://snomed.info/sct",,"222932","2012-05-24","Patient/example",,"Condition",,"confirmed"
,"active",,"39065001","Burn of ear","Burnt Ear",,"http://snomed.info/sct",,"223400","2012-05-24",,,"Condition",,"confirmed"
,"active",,"39065001","Burn of ear","Burnt Ear",,"http://snomed.info/sct",,"223438","2012-05-24","Patient/example",,"Condition",,"confirmed"
,"active",,"39065001","Burn of ear","Burnt Ear",,"http://snomed.info/sct",,"223486","2012-05-24","Patient/example",,"Condition",,"confirmed"
,"active",,"39065001","Burn of ear","Burnt Ear",,"http://snomed.info/sct",,"223534","2012-05-24","Patient/example",,"Condition",,"confirmed"
,"active",,"39065001","Burn of ear","Burnt Ear",,"http://snomed.info/sct",,"223582","2012-05-24","Patient/example",,"Condition",,"confirmed"
,"active",,"39065001","Burn of ear","Burnt Ear",,"http://snomed.info/sct",,"223630","2012-05-24","Patient/example",,"Condition",,"confirmed"
,"active",,"39065001","Burn of ear","Burnt Ear",,"http://snomed.info/sct",,"223740","2012-05-24","Patient/example",,"Condition",,"confirmed"
,"active",,"39065001","Burn of ear","Burnt Ear",,"http://snomed.info/sct",,"223819","2012-05-24",,,"Condition",,"confirmed"
,"active",,"39065001","Burn of ear","Burnt Ear",,"http://snomed.info/sct",,"223825","2012-05-24",,,"Condition",,"confirmed"
,"active",,"39065001","Burn of ear","Burnt Ear",,"http://snomed.info/sct",,"223912","2012-05-24","Patient/example",,"Condition",,"confirmed"
,"active",,"39065001","Burn of ear","Burnt Ear",,"http://snomed.info/sct",,"224010","2012-05-24","Patient/example",,"Condition",,"confirmed"
,"active",,"39065001","Burn of ear","Burnt Ear",,"http://snomed.info/sct",,"224121","2012-05-24","Patient/example",,"Condition",,"confirmed"
,"active",,"39065001","Burn of ear","Burnt Ear",,"http://snomed.info/sct",,"224169","2012-05-24","Patient/example",,"Condition",,"confirmed"
,"active",,"39065001","Burn of ear","Burnt Ear",,"http://snomed.info/sct",,"224185","2012-05-24",,,"Condition",,"confirmed"
,"active",,"39065001","Burn of ear","Burnt Ear",,"http://snomed.info/sct",,"224191","2012-05-24",,,"Condition",,"confirmed"
,"active",,"39065001","Burn of ear","Burnt Ear",,"http://snomed.info/sct",,"243172","2012-05-24",,,"Condition",,"confirmed"
,"active",,"39065001","Burn of ear","Burnt Ear",,"http://snomed.info/sct",,"243284","2012-05-24",,,"Condition",,"confirmed"
,"active",,"39065001","Burn of ear","Burnt Ear",,"http://snomed.info/sct",,"243396","2012-05-24",,,"Condition",,"confirmed"
,"active",,"39065001","Burn of ear","Burnt Ear",,"http://snomed.info/sct",,"243585","2012-05-24",,,"Condition",,"confirmed"
,"active",,"39065001","Burn of ear","Burnt Ear",,"http://snomed.info/sct",,"243798","2012-05-24",,,"Condition",,"confirmed"
,"active",,"39065001","Burn of ear","Burnt Ear",,"http://snomed.info/sct",,"243909","2012-05-24",,,"Condition",,"confirmed"
,"active",,"39065001","Burn of ear","Burnt Ear",,"http://snomed.info/sct",,"244020","2012-05-24",,,"Condition",,"confirmed"
,"active",,"39065001","Burn of ear","Burnt Ear",,"http://snomed.info/sct",,"244304","2012-05-24",,,"Condition",,"confirmed"
,"active",,"39065001","Burn of ear","Burnt Ear",,"http://snomed.info/sct",,"244382","2012-05-24",,,"Condition",,"confirmed"
,"active",,"39065001","Burn of ear","Burnt Ear",,"http://snomed.info/sct",,"244493","2012-05-24",,,"Condition",,"confirmed"
,"active",,"39065001","Burn of ear","Burnt Ear",,"http://snomed.info/sct",,"244604","2012-05-24",,,"Condition",,"confirmed"
,"active",,"39065001","Burn of ear","Burnt Ear",,"http://snomed.info/sct",,"244782","2012-05-24",,,"Condition",,"confirmed"
,"active",,"39065001","Burn of ear","Burnt Ear",,"http://snomed.info/sct",,"244957","2012-05-24",,,"Condition",,"confirmed"
,"active",,"39065001","Burn of ear","Burnt Ear",,"http://snomed.info/sct",,"245071","2012-05-24",,,"Condition",,"confirmed"
,"active",,"39065001","Burn of ear","Burnt Ear",,"http://snomed.info/sct",,"245729","2012-05-24",,,"Condition",,"confirmed"
,"active",,"39065001","Burn of ear","Burnt Ear",,"http://snomed.info/sct",,"245977","2012-05-24",,,"Condition",,"confirmed"
,"active",,"39065001","Burn of ear","Burnt Ear",,"http://snomed.info/sct",,"246404","2012-05-24",,,"Condition",,"confirmed"
,"active",,"39065001","Burn of ear","Burnt Ear",,"http://snomed.info/sct",,"246536","2012-05-24",,,"Condition",,"confirmed"
,"active",,"39065001","Burn of ear","Burnt Ear",,"http://snomed.info/sct",,"246904","2012-05-24",,,"Condition",,"confirmed"
,"active",,"Name","Stuff",,,"my:little:urn",,"247008",,,"2019-12-09T11:15:50+01:00","Condition",,"differential"
,"active",,"Name","Stuff",,,"my:little:urn",,"247009",,,"2019-12-09T11:15:50+01:00","Condition",,"differential"
,"active",,"Name","Stuff",,,"my:little:urn",,"247010",,,"2019-12-09T11:15:50+01:00","Condition",,"differential"
,"active",,"39065001","Burn of ear","Burnt Ear",,"http://snomed.info/sct",,"247102","2012-05-24",,,"Condition",,"confirmed"
,"active",,"39065001","Burn of ear","Burnt Ear",,"http://snomed.info/sct",,"247216","2012-05-24",,,"Condition",,"confirmed"
,"active",,"39065001","Burn of ear","Burnt Ear",,"http://snomed.info/sct",,"247333","2012-05-24",,,"Condition",,"confirmed"
,"active",,"Name","Stuff",,,"my:little:urn",,"247421",,,"2019-12-09T11:15:50+01:00","Condition",,"differential"
,"active",,"Name","Stuff",,,"my:little:urn",,"247423",,,"2019-12-09T11:15:50+01:00","Condition",,"differential"
,"active",,"Name","Stuff",,,"my:little:urn",,"247424",,,"2019-12-09T11:15:50+01:00","Condition",,"differential"
,"active",,"39065001","Burn of ear","Burnt Ear",,"http://snomed.info/sct",,"247985","2012-05-24","Patient/example",,"Condition",,"confirmed"
,"active",,"39065001","Burn of ear","Burnt Ear",,"http://snomed.info/sct",,"248043","2012-05-24","Patient/example",,"Condition",,"confirmed"
,"active",,"39065001","Burn of ear","Burnt Ear",,"http://snomed.info/sct",,"248099","2012-05-24","Patient/example",,"Condition",,"confirmed"
,"active",,"39065001","Burn of ear","Burnt Ear",,"http://snomed.info/sct",,"248123","2012-05-24",,,"Condition",,"confirmed"
,"active",,"39065001","Burn of ear","Burnt Ear",,"http://snomed.info/sct",,"248240","2012-05-24",,,"Condition",,"confirmed"
,"active",,"39065001","Burn of ear","Burnt Ear",,"http://snomed.info/sct",,"248590","2012-05-24",,,"Condition",,"confirmed"
,"active",,"39065001","Burn of ear","Burnt Ear",,"http://snomed.info/sct",,"248713","2012-05-24",,,"Condition",,"confirmed"
,"active",,"39065001","Burn of ear","Burnt Ear",,"http://snomed.info/sct",,"248735","2012-05-24",,,"Condition",,"confirmed"
,"active",,"39065001","Burn of ear","Burnt Ear",,"http://snomed.info/sct",,"248862","2012-05-24",,,"Condition",,"confirmed"
,"active",,"39065001","Burn of ear","Burnt Ear",,"http://snomed.info/sct",,"248995","2012-05-24",,,"Condition",,"confirmed"
,"active",,"39065001","Burn of ear","Burnt Ear",,"http://snomed.info/sct",,"249119","2012-05-24",,,"Condition",,"confirmed"
,"active",,"39065001","Burn of ear","Burnt Ear",,"http://snomed.info/sct",,"249243","2012-05-24",,,"Condition",,"confirmed"
,"active",,"39065001","Burn of ear","Burnt Ear",,"http://snomed.info/sct",,"249372","2012-05-24",,,"Condition",,"confirmed"
,"active",,"39065001","Burn of ear","Burnt Ear",,"http://snomed.info/sct",,"249639","2012-05-24",,,"Condition",,"confirmed"
,"active",,"39065001","Burn of ear","Burnt Ear",,"http://snomed.info/sct",,"250414","2012-05-24",,,"Condition",,"confirmed"
,"active",,"39065001","Burn of ear","Burnt Ear",,"http://snomed.info/sct",,"251238","2012-05-24",,,"Condition",,"confirmed"
,"active",,"39065001","Burn of ear","Burnt Ear",,"http://snomed.info/sct",,"251365","2012-05-24",,,"Condition",,"confirmed"
,"active",,"39065001","Burn of ear","Burnt Ear",,"http://snomed.info/sct",,"256730","2012-05-24",,,"Condition",,"confirmed"
,"active",,,,"Asthma",,,,"288667","2019-12-12","Patient/example","2019-12-12","Condition",,"confirmed"
,"active",,"39065001","Burn of ear","Burnt Ear",,"http://snomed.info/sct",,"427004","2012-05-24",,,"Condition",,"confirmed"
,"active",,"39065001","Burn of ear","Burnt Ear",,"http://snomed.info/sct",,"427244","2012-05-24",,,"Condition",,"confirmed"
,"active",,"55607006","Problem",,,"http://snomed.info/sct",,"588041",,"Patient/1545788",,"Condition",,
,"active",,,"Hallo3",,,,,"590524",,,,"Condition",,"confirmed"
,"active",,,"Hallo3",,,,,"590525",,,,"Condition",,"confirmed"
,"active",,,"Testdiag",,,,,"590526",,,,"Condition",,"confirmed"
,"active",,,"Test",,,,,"590527",,"Patient/1208",,"Condition",,"confirmed"
,"active",,,"Test1",,,,,"590528",,"Patient/1208",,"Condition",,"confirmed"
,"active",,"fs","ffff",,,"http://snomed.info/sct",,"590545",,,"2020-01-15","Condition",,"unconfirmed"
,"active",,"klvnalk","mdflkndmfl",,,"http://snomed.info/sct",,"591038",,"Patient/591030","2020-01-16","Condition",,"unconfirmed"
,"active",,"m fgr,","dsgsdg",,,"http://snomed.info/sct",,"591039",,"Patient/591030","2020-01-16","Condition",,"unconfirmed"
,"active",,"wd","asf",,,"http://snomed.info/sct",,"591043",,"Patient/591042","2020-01-24","Condition",,"unconfirmed"
,"active",,"ewr","wer",,,"http://snomed.info/sct",,"591044",,"Patient/591042","2020-01-16","Condition",,"unconfirmed"
,"active",,"123","123123",,,"http://snomed.info/sct",,"591051",,"Patient/591050","2020-01-16","Condition",,"unconfirmed"
,"active",,"123123","12312",,,"http://snomed.info/sct",,"591052",,"Patient/591050","2020-01-16","Condition",,"unconfirmed"
,"active",,"123","123",,,"http://snomed.info/sct",,"591053",,"Patient/75330","2020-01-16","Condition",,"unconfirmed"
,"active",,"123","123",,,"http://snomed.info/sct",,"591054",,"Patient/75330","2020-01-16","Condition",,"unconfirmed"
,"active",,"112","1212",,,"http://snomed.info/sct",,"591057",,"Patient/591055","2020-01-16","Condition",,"provisional"
,"active",,"qwe","asfsf",,,"http://snomed.info/sct",,"591060",,"Patient/591059","2020-01-16","Condition",,"unconfirmed"
,"active",,"safsf","fghfgh",,,"http://snomed.info/sct",,"591061",,"Patient/591059","2020-01-16","Condition",,"unconfirmed"
,"active",,"wrqwr","lgfmjljfm",,,"http://snomed.info/sct",,"591062",,"Patient/591059","2020-01-16","Condition",,"unconfirmed"
,"active",,"asdf","asdf",,,"http://snomed.info/sct",,"591076",,"Patient/72251","2020-01-16","Condition",,"differential"
,"active",,"asdf","asdf",,,"http://snomed.info/sct",,"591077",,"Patient/72251","2020-01-16","Condition",,"differential"
,"active",,"dfghj","dfghjk",,,"http://snomed.info/sct",,"591377",,"Patient/591376","2020-01-19","Condition",,"unconfirmed"
,"active",,"123456","2345678",,,"http://snomed.info/sct",,"591379",,"Patient/591378","2020-01-19","Condition",,"unconfirmed"
,"active",,"39065001","Burn of ear","Burnt Ear",,"http://snomed.info/sct",,"592723","2012-05-24","Patient/example",,"Condition",,"confirmed"
,"active",,"39065001","Burn of ear","Burnt Ear",,"http://snomed.info/sct",,"597230","2012-05-24","Patient/592922",,"Condition",,"confirmed"
,"active",,"65363002","Otitis media","Otitis media",,"http://snomed.info/sct","Encounter/602345","602346","2019-08-17T18:56:16-04:00","Patient/602313","2019-08-17T18:56:16-04:00","Condition",,"confirmed"
,"active",,"312824007","Family history of cancer of colon",,,"http://snomed.info/sct",,"618770",,,,"Condition",,
,"active",,"19169002","Miscarriage in first trimester","Miscarriage in first trimester",,"http://snomed.info/sct","Encounter/622904","622905","1985-08-29T02:35:56+02:00","Patient/622898","1985-08-29T02:35:56+02:00","Condition",,"confirmed"
,"active",,"162864005","Body mass index 30+ - obesity (finding)","Body mass index 30+ - obesity (finding)",,"http://snomed.info/sct","Encounter/622914","622915","1996-06-06T02:35:56+02:00","Patient/622898","1996-06-06T02:35:56+02:00","Condition",,"confirmed"
,"active",,"44054006","Diabetes","Diabetes",,"http://snomed.info/sct","Encounter/622918","622919","2010-04-08T02:35:56+02:00","Patient/622898","2010-04-08T02:35:56+02:00","Condition",,"confirmed"
,"active",,"431855005","Chronic kidney disease stage 1 (disorder)","Chronic kidney disease stage 1 (disorder)",,"http://snomed.info/sct","Encounter/622918","622920","2010-04-08T02:35:56+02:00","Patient/622898","2010-04-08T02:35:56+02:00","Condition",,"confirmed"
,"active",,"127013003","Diabetic renal disease (disorder)","Diabetic renal disease (disorder)",,"http://snomed.info/sct","Encounter/622918","622921","2010-04-08T02:35:56+02:00","Patient/622898","2010-04-08T02:35:56+02:00","Condition",,"confirmed"
,"active",,"302870006","Hypertriglyceridemia (disorder)","Hypertriglyceridemia (disorder)",,"http://snomed.info/sct","Encounter/622982","622983","2011-07-21T02:35:56+02:00","Patient/622898","2011-07-21T02:35:56+02:00","Condition",,"confirmed"
,"active",,"237602007","Metabolic syndrome X (disorder)","Metabolic syndrome X (disorder)",,"http://snomed.info/sct","Encounter/622982","622984","2011-07-21T02:35:56+02:00","Patient/622898","2011-07-21T02:35:56+02:00","Condition",,"confirmed"
,"active",,"79586000","Tubal pregnancy","Tubal pregnancy",,"http://snomed.info/sct","Encounter/623281","623283","2014-07-17T02:35:56+02:00","Patient/622898","2014-07-17T02:35:56+02:00","Condition",,"confirmed"
,"active",,"19169002","Miscarriage in first trimester","Miscarriage in first trimester",,"http://snomed.info/sct","Encounter/623679","623681","1994-11-04T04:02:33+01:00","Patient/623673","1994-11-04T04:02:33+01:00","Condition",,"confirmed"
,"active",,"15777000","Prediabetes","Prediabetes",,"http://snomed.info/sct","Encounter/623712","623713","2007-04-20T05:02:33+02:00","Patient/623673","2007-04-20T05:02:33+02:00","Condition",,"confirmed"
,"active",,"271737000","Anemia (disorder)","Anemia (disorder)",,"http://snomed.info/sct","Encounter/623712","623714","2007-04-20T05:02:33+02:00","Patient/623673","2007-04-20T05:02:33+02:00","Condition",,"confirmed"
,"active",,"72892002","Normal pregnancy","Normal pregnancy",,"http://snomed.info/sct","Encounter/624086","624087","2019-08-30T05:02:33+02:00","Patient/623673","2019-08-30T05:02:33+02:00","Condition",,"confirmed"
,"active",,"128613002","Seizure disorder","Seizure disorder",,"http://snomed.info/sct","Encounter/624178","624179","1963-07-01T17:22:17+01:00","Patient/624175","1963-07-01T17:22:17+01:00","Condition",,"confirmed"
,"active",,"703151001","History of single seizure (situation)","History of single seizure (situation)",,"http://snomed.info/sct","Encounter/624178","624180","1963-07-01T17:22:17+01:00","Patient/624175","1963-07-01T17:22:17+01:00","Condition",,"confirmed"
,"active",,"84757009","Epilepsy","Epilepsy",,"http://snomed.info/sct","Encounter/624178","624181","1963-07-01T17:22:17+01:00","Patient/624175","1963-07-01T17:22:17+01:00","Condition",,"confirmed"
,"active",,"162864005","Body mass index 30+ - obesity (finding)","Body mass index 30+ - obesity (finding)",,"http://snomed.info/sct","Encounter/624186","624187","1988-09-05T18:22:17+02:00","Patient/624175","1988-09-05T18:22:17+02:00","Condition",,"confirmed"
,"active",,"44054006","Diabetes","Diabetes",,"http://snomed.info/sct","Encounter/624194","624195","2011-07-25T18:22:17+02:00","Patient/624175","2011-07-25T18:22:17+02:00","Condition",,"confirmed"
,"active",,"271737000","Anemia (disorder)","Anemia (disorder)",,"http://snomed.info/sct","Encounter/624194","624196","2011-07-25T18:22:17+02:00","Patient/624175","2011-07-25T18:22:17+02:00","Condition",,"confirmed"
,"active",,"302870006","Hypertriglyceridemia (disorder)","Hypertriglyceridemia (disorder)",,"http://snomed.info/sct","Encounter/624272","624273","2013-07-01T18:22:17+02:00","Patient/624175","2013-07-01T18:22:17+02:00","Condition",,"confirmed"
,"active",,"237602007","Metabolic syndrome X (disorder)","Metabolic syndrome X (disorder)",,"http://snomed.info/sct","Encounter/624272","624274","2013-07-01T18:22:17+02:00","Patient/624175","2013-07-01T18:22:17+02:00","Condition",,"confirmed"
,"active",,"431855005","Chronic kidney disease stage 1 (disorder)","Chronic kidney disease stage 1 (disorder)",,"http://snomed.info/sct","Encounter/624272","624275","2013-07-01T18:22:17+02:00","Patient/624175","2013-07-01T18:22:17+02:00","Condition",,"confirmed"
,"active",,"127013003","Diabetic renal disease (disorder)","Diabetic renal disease (disorder)",,"http://snomed.info/sct","Encounter/624272","624276","2013-07-01T18:22:17+02:00","Patient/624175","2013-07-01T18:22:17+02:00","Condition",,"confirmed"
,"active",,"15777000","Prediabetes","Prediabetes",,"http://snomed.info/sct","Encounter/624314","624315","2014-07-07T18:22:17+02:00","Patient/624175","2014-07-07T18:22:17+02:00","Condition",,"confirmed"
,"active",,"59621000","Hypertension","Hypertension",,"http://snomed.info/sct","Encounter/625052","625053","1963-08-05T17:28:27-04:00","Patient/625049","1963-08-05T17:28:27-04:00","Condition",,"confirmed"
,"active",,"59621000","Hypertension","Hypertension",,"http://snomed.info/sct","Encounter/625058","625059","1963-08-05T17:28:27-04:00","Patient/625056","1963-08-05T17:28:27-04:00","Condition",,"confirmed"
"#meinArzt","active",,"204256004","Pointed ear","Pointed Ear",,"http://snomed.info/sct",,"625062","2020-02-19","Patient/624857",,"Condition",,
,"active",,"59621000","Hypertension","Hypertension",,"http://snomed.info/sct","Encounter/625096","625097","1963-08-05T17:28:27-04:00","Patient/625094","1963-08-05T17:28:27-04:00","Condition",,"confirmed"
,"active",,"59621000","Hypertension","Hypertension",,"http://snomed.info/sct","Encounter/625104","625105","1963-08-05T17:28:27-04:00","Patient/625102","1963-08-05T17:28:27-04:00","Condition",,"confirmed"
,"active",,"59621000","Hypertension","Hypertension",,"http://snomed.info/sct","Encounter/625112","625113","1963-08-05T17:28:27-04:00","Patient/625110","1963-08-05T17:28:27-04:00","Condition",,"confirmed"
,"active",,"59621000","Hypertension","Hypertension",,"http://snomed.info/sct","Encounter/625119","625120","2019-08-05T17:28:27-04:00","Patient/625117","2019-08-05T17:28:27-04:00","Condition",,"confirmed"
"Practitioner/1058","active",,"87628006","feeling hot or cold",,,"http://snomed.info/sct",,"625411",,"Patient/1203","2019-09-10","Condition",,"differential"
,"active",,"10509002","Acute bronchitis (disorder)","Acute bronchitis (disorder)",,"http://snomed.info/sct","Encounter/625589","625590","2009-11-12T19:07:03-05:00","Patient/625587","2009-11-12T19:07:03-05:00","Condition",,"confirmed"
"Practitioner/1058","active",,"22298006","Alzheimer's Disease","Alzheimer's Disease",,"http://snomed.info/sct",,"625617","2020-01-11T11:12:14.456+07:00","Patient/1203",,"Condition",,
,"active",,"128613002","Seizure disorder","Seizure disorder",,"http://snomed.info/sct","Encounter/625743","625744","1963-07-01T17:22:17+01:00","Patient/625740","1963-07-01T17:22:17+01:00","Condition",,"confirmed"
,"active",,"703151001","History of single seizure (situation)","History of single seizure (situation)",,"http://snomed.info/sct","Encounter/625743","625745","1963-07-01T17:22:17+01:00","Patient/625740","1963-07-01T17:22:17+01:00","Condition",,"confirmed"
,"active",,"84757009","Epilepsy","Epilepsy",,"http://snomed.info/sct","Encounter/625743","625746","1963-07-01T17:22:17+01:00","Patient/625740","1963-07-01T17:22:17+01:00","Condition",,"confirmed"
,"active",,"162864005","Body mass index 30+ - obesity (finding)","Body mass index 30+ - obesity (finding)",,"http://snomed.info/sct","Encounter/625751","625752","1988-09-05T18:22:17+02:00","Patient/625740","1988-09-05T18:22:17+02:00","Condition",,"confirmed"
,"active",,"E11","Type 2 Diabetes Mellitus","Diabetes",,"http://hl7.org/fhir/sid/icd-10","Encounter/625759","625760","2011-07-25T18:22:17+02:00","Patient/625740","2011-07-25T18:22:17+02:00","Condition",,"confirmed"
,"active",,"271737000","Anemia (disorder)","Anemia (disorder)",,"http://snomed.info/sct","Encounter/625759","625761","2011-07-25T18:22:17+02:00","Patient/625740","2011-07-25T18:22:17+02:00","Condition",,"confirmed"
,"active",,"302870006","Hypertriglyceridemia (disorder)","Hypertriglyceridemia (disorder)",,"http://snomed.info/sct","Encounter/625837","625838","2013-07-01T18:22:17+02:00","Patient/625740","2013-07-01T18:22:17+02:00","Condition",,"confirmed"
,"active",,"237602007","Metabolic syndrome X (disorder)","Metabolic syndrome X (disorder)",,"http://snomed.info/sct","Encounter/625837","625839","2013-07-01T18:22:17+02:00","Patient/625740","2013-07-01T18:22:17+02:00","Condition",,"confirmed"
,"active",,"431855005","Chronic kidney disease stage 1 (disorder)","Chronic kidney disease stage 1 (disorder)",,"http://snomed.info/sct","Encounter/625837","625840","2013-07-01T18:22:17+02:00","Patient/625740","2013-07-01T18:22:17+02:00","Condition",,"confirmed"
,"active",,"127013003","Diabetic renal disease (disorder)","Diabetic renal disease (disorder)",,"http://snomed.info/sct","Encounter/625837","625841","2013-07-01T18:22:17+02:00","Patient/625740","2013-07-01T18:22:17+02:00","Condition",,"confirmed"
,"active",,"15777000","Prediabetes","Prediabetes",,"http://snomed.info/sct","Encounter/625879","625880","2014-07-07T18:22:17+02:00","Patient/625740","2014-07-07T18:22:17+02:00","Condition",,"confirmed"
,"active",,"39065001","Burn of ear","Burnt Ear",,"http://snomed.info/sct","Encounter/627375","627390","2012-05-24","Patient/627366",,"Condition",,"confirmed"
,"active",,"15777000","Prediabetes","Prediabetes",,"http://snomed.info/sct","Encounter/628577","628578","1974-06-07T13:11:44-04:00","Patient/628574","1974-06-07T13:11:44-04:00","Condition",,"confirmed"
,"active",,"59621000","Hypertension","Hypertension",,"http://snomed.info/sct","Encounter/628635","628636","1991-02-02T00:21:20-05:00","Patient/628632","1991-02-02T00:21:20-05:00","Condition",,"confirmed"
,"active",,"15777000","Prediabetes","Prediabetes",,"http://snomed.info/sct","Encounter/629004","629005","1942-08-24T00:17:55-04:00","Patient/629001","1942-08-24T00:17:55-04:00","Condition",,"confirmed"
,"active",,"271737000","Anemia (disorder)","Anemia (disorder)",,"http://snomed.info/sct","Encounter/629004","629006","1942-08-24T00:17:55-04:00","Patient/629001","1942-08-24T00:17:55-04:00","Condition",,"confirmed"
,"active",,"59621000","Hypertension","Hypertension",,"http://snomed.info/sct","Encounter/629012","629013","1942-08-24T00:17:55-04:00","Patient/629001","1942-08-24T00:17:55-04:00","Condition",,"confirmed"
,"active",,"59621000","Hypertension","Hypertension",,"http://snomed.info/sct","Encounter/629140","629141","1945-10-04T20:24:59-05:00","Patient/629137","1945-10-04T20:24:59-05:00","Condition",,"confirmed"
,"active",,"162864005","Body mass index 30+ - obesity (finding)","Body mass index 30+ - obesity (finding)",,"http://snomed.info/sct","Encounter/629407","629408","2009-02-21T17:49:00-05:00","Patient/629404","2009-02-21T17:49:00-05:00","Condition",,"confirmed"
,"active",,"162864005","Body mass index 30+ - obesity (finding)","Body mass index 30+ - obesity (finding)",,"http://snomed.info/sct","Encounter/629716","629717","1976-12-17T08:55:33-05:00","Patient/629713","1976-12-17T08:55:33-05:00","Condition",,"confirmed"
,"active",,"59621000","Hypertension","Hypertension",,"http://snomed.info/sct","Encounter/630220","630233","1957-08-17T18:46:47-04:00","Patient/630217","1957-08-17T18:46:47-04:00","Condition",,"confirmed"
,"active",,"74400008","Appendicitis","Appendicitis",,"http://snomed.info/sct","Encounter/630366","630369","1973-09-09T12:43:28-04:00","Patient/630363","1973-09-09T12:43:28-04:00","Condition",,"confirmed"
,"active",,"446096008","Perennial allergic rhinitis","Perennial allergic rhinitis",,"http://snomed.info/sct","Encounter/630458","630464","1973-09-12T16:34:48-04:00","Patient/630455","1973-09-12T16:34:48-04:00","Condition",,"confirmed"
,"active",,"15777000","Prediabetes","Prediabetes",,"http://snomed.info/sct","Encounter/630476","630477","1974-06-07T13:11:44-04:00","Patient/630473","1974-06-07T13:11:44-04:00","Condition",,"confirmed"
,"active",,"59621000","Hypertension","Hypertension",,"http://snomed.info/sct","Encounter/630492","630493","1991-02-02T00:21:20-05:00","Patient/630489","1991-02-02T00:21:20-05:00","Condition",,"confirmed"
,"active",,"59621000","Hypertension","Hypertension",,"http://snomed.info/sct","Encounter/630510","630511","1991-02-02T00:21:20-05:00","Patient/630507","1991-02-02T00:21:20-05:00","Condition",,"confirmed"
,"active",,"15777000","Prediabetes","Prediabetes",,"http://snomed.info/sct","Encounter/630529","630530","1974-06-07T13:11:44-04:00","Patient/630526","1974-06-07T13:11:44-04:00","Condition",,"confirmed"
,"active",,"15777000","Prediabetes","Prediabetes",,"http://snomed.info/sct","Encounter/630545","630546","1942-08-24T00:17:55-04:00","Patient/630542","1942-08-24T00:17:55-04:00","Condition",,"confirmed"
,"active",,"271737000","Anemia (disorder)","Anemia (disorder)",,"http://snomed.info/sct","Encounter/630545","630547","1942-08-24T00:17:55-04:00","Patient/630542","1942-08-24T00:17:55-04:00","Condition",,"confirmed"
,"active",,"59621000","Hypertension","Hypertension",,"http://snomed.info/sct","Encounter/630553","630554","1942-08-24T00:17:55-04:00","Patient/630542","1942-08-24T00:17:55-04:00","Condition",,"confirmed"
,"active",,"59621000","Hypertension","Hypertension",,"http://snomed.info/sct","Encounter/630591","630592","1945-10-04T20:24:59-05:00","Patient/630588","1945-10-04T20:24:59-05:00","Condition",,"confirmed"
,"active",,"162864005","Body mass index 30+ - obesity (finding)","Body mass index 30+ - obesity (finding)",,"http://snomed.info/sct","Encounter/630609","630610","2009-02-21T17:49:00-05:00","Patient/630606","2009-02-21T17:49:00-05:00","Condition",,"confirmed"
,"active",,"162864005","Body mass index 30+ - obesity (finding)","Body mass index 30+ - obesity (finding)",,"http://snomed.info/sct","Encounter/630637","630638","1976-12-17T08:55:33-05:00","Patient/630634","1976-12-17T08:55:33-05:00","Condition",,"confirmed"
,"active",,"59621000","Hypertension","Hypertension",,"http://snomed.info/sct","Encounter/630656","630669","1957-08-17T18:46:47-04:00","Patient/630653","1957-08-17T18:46:47-04:00","Condition",,"confirmed"
,"active",,"74400008","Appendicitis","Appendicitis",,"http://snomed.info/sct","Encounter/630699","630702","1973-09-09T12:43:28-04:00","Patient/630696","1973-09-09T12:43:28-04:00","Condition",,"confirmed"
,"active",,"59621000","Hypertension","Hypertension",,"http://snomed.info/sct","Encounter/630718","630719","1945-10-04T20:24:59-05:00","Patient/630715","1945-10-04T20:24:59-05:00","Condition",,"confirmed"
,"active",,"74400008","Appendicitis","Appendicitis",,"http://snomed.info/sct","Encounter/630737","630740","1973-09-09T12:43:28-04:00","Patient/630734","1973-09-09T12:43:28-04:00","Condition",,"confirmed"
,"active",,"446096008","Perennial allergic rhinitis","Perennial allergic rhinitis",,"http://snomed.info/sct","Encounter/630755","630761","1973-09-12T16:34:48-04:00","Patient/630752","1973-09-12T16:34:48-04:00","Condition",,"confirmed"
,"active",,"15777000","Prediabetes","Prediabetes",,"http://snomed.info/sct","Encounter/631548","631549","1942-08-24T00:17:55-04:00","Patient/631545","1942-08-24T00:17:55-04:00","Condition",,"confirmed"
,"active",,"271737000","Anemia (disorder)","Anemia (disorder)",,"http://snomed.info/sct","Encounter/631548","631550","1942-08-24T00:17:55-04:00","Patient/631545","1942-08-24T00:17:55-04:00","Condition",,"confirmed"
,"active",,"59621000","Hypertension","Hypertension",,"http://snomed.info/sct","Encounter/631556","631557","1942-08-24T00:17:55-04:00","Patient/631545","1942-08-24T00:17:55-04:00","Condition",,"confirmed"
,"active",,"74400008","Appendicitis","Appendicitis",,"http://snomed.info/sct","Encounter/631977","631980","1973-09-09T12:43:28-04:00","Patient/631974","1973-09-09T12:43:28-04:00","Condition",,"confirmed"
,"active",,"446096008","Perennial allergic rhinitis","Perennial allergic rhinitis",,"http://snomed.info/sct","Encounter/632721","632727","1973-09-12T16:34:48-04:00","Patient/632718","1973-09-12T16:34:48-04:00","Condition",,"confirmed"
,"active",,"15777000","Prediabetes","Prediabetes",,"http://snomed.info/sct","Encounter/632761","632762","1974-06-07T13:11:44-04:00","Patient/632758","1974-06-07T13:11:44-04:00","Condition",,"confirmed"
,"active",,"59621000","Hypertension","Hypertension",,"http://snomed.info/sct","Encounter/632789","632790","1991-02-02T00:21:20-05:00","Patient/632786","1991-02-02T00:21:20-05:00","Condition",,"confirmed"
,"active",,"15777000","Prediabetes","Prediabetes",,"http://snomed.info/sct","Encounter/632815","632816","1942-08-24T00:17:55-04:00","Patient/632812","1942-08-24T00:17:55-04:00","Condition",,"confirmed"
,"active",,"271737000","Anemia (disorder)","Anemia (disorder)",,"http://snomed.info/sct","Encounter/632815","632817","1942-08-24T00:17:55-04:00","Patient/632812","1942-08-24T00:17:55-04:00","Condition",,"confirmed"
,"active",,"59621000","Hypertension","Hypertension",,"http://snomed.info/sct","Encounter/632823","632824","1942-08-24T00:17:55-04:00","Patient/632812","1942-08-24T00:17:55-04:00","Condition",,"confirmed"
,"active",,"59621000","Hypertension","Hypertension",,"http://snomed.info/sct","Encounter/632869","632870","1945-10-04T20:24:59-05:00","Patient/632866","1945-10-04T20:24:59-05:00","Condition",,"confirmed"
,"active",,"162864005","Body mass index 30+ - obesity (finding)","Body mass index 30+ - obesity (finding)",,"http://snomed.info/sct","Encounter/632897","632898","2009-02-21T17:49:00-05:00","Patient/632894","2009-02-21T17:49:00-05:00","Condition",,"confirmed"
,"active",,"162864005","Body mass index 30+ - obesity (finding)","Body mass index 30+ - obesity (finding)",,"http://snomed.info/sct","Encounter/632930","632931","1976-12-17T08:55:33-05:00","Patient/632927","1976-12-17T08:55:33-05:00","Condition",,"confirmed"
,"active",,"59621000","Hypertension","Hypertension",,"http://snomed.info/sct","Encounter/632957","632970","1957-08-17T18:46:47-04:00","Patient/632954","1957-08-17T18:46:47-04:00","Condition",,"confirmed"
,"active",,"74400008","Appendicitis","Appendicitis",,"http://snomed.info/sct","Encounter/633016","633019","1973-09-09T12:43:28-04:00","Patient/633013","1973-09-09T12:43:28-04:00","Condition",,"confirmed"
,"active",,"446096008","Perennial allergic rhinitis","Perennial allergic rhinitis",,"http://snomed.info/sct","Encounter/633044","633050","1973-09-12T16:34:48-04:00","Patient/633041","1973-09-12T16:34:48-04:00","Condition",,"confirmed"
,"active",,"15777000","Prediabetes","Prediabetes",,"http://snomed.info/sct","Encounter/633729","633730","1974-06-07T13:11:44-04:00","Patient/633726","1974-06-07T13:11:44-04:00","Condition",,"confirmed"
,"active",,"10001005","Bacterial sepsis",,,"http://snomed.info/sct","Encounter/634105","634106","1974-06-07T13:11:44-04:00","Patient/634102","1974-06-07T13:11:44-04:00","Condition",,"confirmed"
,"active",,"10001005","Bacterial sepsis",,,"http://snomed.info/sct","Encounter/634185","634186","1974-06-07T13:11:44-04:00","Patient/634182","1974-06-07T13:11:44-04:00","Condition",,"confirmed"
,"active",,"10001005","Bacterial sepsis",,,"http://snomed.info/sct","Encounter/634210","634211","1974-06-07T13:11:44-04:00","Patient/634207","1974-06-07T13:11:44-04:00","Condition",,"confirmed"
,"active",,"10001005","Bacterial sepsis",,,"http://snomed.info/sct","Encounter/634494","634495","1974-06-07T13:11:44-04:00","Patient/634491","1974-06-07T13:11:44-04:00","Condition",,"confirmed"
,"active",,"10001005","Bacterial sepsis",,,"http://snomed.info/sct","Encounter/636229","636230","1974-06-07T13:11:44-04:00","Patient/636226","1974-06-07T13:11:44-04:00","Condition",,"confirmed"
,"active",,"59621000","Hypertension","Hypertension",,"http://snomed.info/sct","Encounter/636254","636255","1991-02-02T00:21:20-05:00","Patient/636251","1991-02-02T00:21:20-05:00","Condition",,"confirmed"
,"active",,"15777000","Prediabetes","Prediabetes",,"http://snomed.info/sct","Encounter/636283","636284","1942-08-24T00:17:55-04:00","Patient/636280","1942-08-24T00:17:55-04:00","Condition",,"confirmed"
,"active",,"271737000","Anemia (disorder)","Anemia (disorder)",,"http://snomed.info/sct","Encounter/636283","636285","1942-08-24T00:17:55-04:00","Patient/636280","1942-08-24T00:17:55-04:00","Condition",,"confirmed"
,"active",,"59621000","Hypertension","Hypertension",,"http://snomed.info/sct","Encounter/636291","636292","1942-08-24T00:17:55-04:00","Patient/636280","1942-08-24T00:17:55-04:00","Condition",,"confirmed"
,"active",,"15777000","Prediabetes","Prediabetes",,"http://snomed.info/sct","Encounter/636573","636574","1974-06-07T13:11:44-04:00","Patient/636572","1974-06-07T13:11:44-04:00","Condition",,"confirmed"
,"active",,"39065001","Congestive heart failure","Heart failure",,"http://snomed.info/sct",,"636805","2012-05-24","Patient/636572",,"Condition",,"confirmed"
"Patient/636572","active",,"368009","Heart valve disorder",,,"http://snomed.info/sct","Encounter/636573","636807","2019-08-05","Patient/636572","2019-10-05","Condition",,"unconfirmed"
,"active",,"39065001","Burn of ear","Burnt Ear",,"http://snomed.info/sct",,"636809","2019-09-24","Patient/636572",,"Condition",,"confirmed"
,"active",,"39065001","Burn of ear","Burnt Ear",,"http://snomed.info/sct",,"636810","2019-09-24","Patient/636572",,"Condition",,"confirmed"
,"active",,"15777000","Prediabetes","Prediabetes",,"http://snomed.info/sct","Encounter/638136","638137","2010-11-11T10:15:06-05:00","Patient/638134","2010-11-11T10:15:06-05:00","Condition",,"confirmed"
,"active",,"39065001","Congestive heart failure","Heart failure",,"http://snomed.info/sct",,"639031","2012-05-24","Patient/639010",,"Condition",,"confirmed"
,"active",,"39065001","Burn of ear","Burnt Ear",,"http://snomed.info/sct",,"641225","2012-05-24","Patient/example",,"Condition",,"confirmed"
,"active",,"49727002","Cough (finding)","Cough (finding)",,"http://snomed.info/sct","Encounter/135aee2a-f9d4-4627-ba9d-659ba067171d","e0ebb5f4-042b-4cb4-94e3-fba03b5e1ada","2020-03-18T23:25:14-05:00","Patient/1b0580b9-1ee3-4353-b555-64c797d57564","2020-03-18T23:25:14-05:00","Condition",,"confirmed"
,"active",,"386661006","Fever (finding)","Fever (finding)",,"http://snomed.info/sct","Encounter/135aee2a-f9d4-4627-ba9d-659ba067171d","5e8ad8fa-df00-4e53-ae27-567c9cd84263","2020-03-18T23:25:14-05:00","Patient/1b0580b9-1ee3-4353-b555-64c797d57564","2020-03-18T23:25:14-05:00","Condition",,"confirmed"
,"active",,"267036007","Dyspnea (finding)","Dyspnea (finding)",,"http://snomed.info/sct","Encounter/135aee2a-f9d4-4627-ba9d-659ba067171d","6d84fea1-3a7a-4097-9035-6e44d79bd895","2020-03-18T23:25:14-05:00","Patient/1b0580b9-1ee3-4353-b555-64c797d57564","2020-03-18T23:25:14-05:00","Condition",,"confirmed"
,"active",,"840539006","COVID-19","COVID-19",,"http://snomed.info/sct","Encounter/135aee2a-f9d4-4627-ba9d-659ba067171d","e5e97751-1fb3-4953-bce0-872d20896c93","2020-03-19T00:33:14-05:00","Patient/1b0580b9-1ee3-4353-b555-64c797d57564","2020-03-19T00:33:14-05:00","Condition",,"confirmed"
,"active",,"271737000","Anemia (disorder)","Anemia (disorder)",,"http://snomed.info/sct","Encounter/664c10d7-fc94-43b7-881d-e9214a78a0ea","9cba7fc3-6196-417a-a9e9-b4d224d4cf78","2006-07-13T16:45:50-05:00","Patient/5af4663e-8b67-47fc-9cf4-d85292360a64","2006-07-13T16:45:50-05:00","Condition",,"confirmed"
,"active",,"53741008","Coronary Heart Disease","Coronary Heart Disease",,"http://snomed.info/sct","Encounter/af8c5e1e-7009-491a-8878-cf1e8a17ea2c","e4c96288-e4a5-419b-9908-d28686767e8e","1999-07-16T08:18:18-05:00","Patient/ddbf5561-4bfd-4434-89fb-344387ca945b","1999-07-16T08:18:18-05:00","Condition",,"confirmed"
,"active",,"271737000","Anemia (disorder)","Anemia (disorder)",,"http://snomed.info/sct","Encounter/10639cc2-0faa-4b34-925e-184799d8c13a","afbab577-e065-475d-b98b-0120cb8a5fca","1985-11-29T13:23:44-06:00","Patient/28698b68-29df-4c00-8360-50118f14db1c","1985-11-29T13:23:44-06:00","Condition",,"confirmed"
,"active",,"88805009","Chronic congestive heart failure (disorder)","Chronic congestive heart failure (disorder)",,"http://snomed.info/sct","Encounter/5841f065-8a0a-49b5-a0d6-988252b48ffd","dde83b7d-cb37-4e97-a07a-c808ca09b759","2011-01-11T14:08:13-06:00","Patient/d29bc8ee-046b-4378-aba0-44b300ae6af8","2011-01-11T14:08:13-06:00","Condition",,"confirmed"
,"active",,"271737000","Anemia (disorder)","Anemia (disorder)",,"http://snomed.info/sct","Encounter/5841f065-8a0a-49b5-a0d6-988252b48ffd","0dd405f1-14ce-4f3d-b9d2-fe2c42db18a8","2011-01-11T14:08:13-06:00","Patient/d29bc8ee-046b-4378-aba0-44b300ae6af8","2011-01-11T14:08:13-06:00","Condition",,"confirmed"
,"active",,"88805009","Chronic congestive heart failure (disorder)","Chronic congestive heart failure (disorder)",,"http://snomed.info/sct","Encounter/bf8bf9e3-12a7-413c-ae63-9851b3299d3e","fbfad611-119b-494f-acaf-9de66159f5e8","2003-08-18T08:42:43-05:00","Patient/7446d3ff-61d2-4291-867d-0282ebf6579f","2003-08-18T08:42:43-05:00","Condition",,"confirmed"
,"active",,"230690007","Stroke","Stroke",,"http://snomed.info/sct","Encounter/12096ae3-dc8e-43a3-9fbd-15f9ea153f64","e1b18522-9e2d-4d55-b94d-9685e81f074a","2007-03-28T22:38:47-05:00","Patient/d76a40b6-00fa-44e1-b7e9-0280e0545919","2007-03-28T22:38:47-05:00","Condition",,"confirmed"
,"active",,"230690007","Stroke","Stroke",,"http://snomed.info/sct","Encounter/43044cb5-b4e7-4d03-aaf5-26151392ec6c","f4684271-d9da-4953-ad2a-1fde9f355576","2007-06-06T17:06:45-05:00","Patient/cf0d62b6-8f70-4164-95ac-1116f6ceb16d","2007-06-06T17:06:45-05:00","Condition",,"confirmed"
,"active",,"88805009","Chronic congestive heart failure (disorder)","Chronic congestive heart failure (disorder)",,"http://snomed.info/sct","Encounter/76d7da33-726e-459d-9b4b-9c94e11bcca2","50728fa3-5d9f-476f-903b-58501c7bf02a","2012-01-08T08:31:54-06:00","Patient/538b5042-18f4-461e-844e-12d4d916d6f2","2012-01-08T08:31:54-06:00","Condition",,"confirmed"
,"active",,"271737000","Anemia (disorder)","Anemia (disorder)",,"http://snomed.info/sct","Encounter/76d7da33-726e-459d-9b4b-9c94e11bcca2","e84b12fd-7863-4c21-964b-e3a1cc1446ec","2012-01-08T08:31:54-06:00","Patient/538b5042-18f4-461e-844e-12d4d916d6f2","2012-01-08T08:31:54-06:00","Condition",,"confirmed"
,"active",,"53741008","Coronary Heart Disease","Coronary Heart Disease",,"http://snomed.info/sct","Encounter/ca42c778-d541-42e0-b2d4-4d3709fbbb5d","4db1be48-2c17-4d08-aca2-4ce7ede24571","1989-12-09T23:15:55-06:00","Patient/2695a0ea-9953-4f1c-bcf0-fd25d9b5a621","1989-12-09T23:15:55-06:00","Condition",,"confirmed"
,"active",,"410429000","Cardiac Arrest","Cardiac Arrest",,"http://snomed.info/sct","Encounter/2c01405f-2917-40df-88e3-f512c7c09f30","0971a6fa-e5e3-49ca-8aac-73e529bf0c97","1993-01-09T23:15:55-06:00","Patient/2695a0ea-9953-4f1c-bcf0-fd25d9b5a621","1993-01-09T23:15:55-06:00","Condition",,"confirmed"
,"active",,"429007001","History of cardiac arrest (situation)","History of cardiac arrest (situation)",,"http://snomed.info/sct","Encounter/2c01405f-2917-40df-88e3-f512c7c09f30","7a63dc1c-50d1-496f-bede-543b0c7e2679","1993-01-09T23:15:55-06:00","Patient/2695a0ea-9953-4f1c-bcf0-fd25d9b5a621","1993-01-09T23:15:55-06:00","Condition",,"confirmed"
,"active",,"22298006","Myocardial Infarction","Myocardial Infarction",,"http://snomed.info/sct","Encounter/2286e9ff-99e0-431b-833e-1f84d87fac3f","061cc18c-9ec4-4fd1-bae3-d9e9da0c7ed4","1999-08-15T00:15:55-05:00","Patient/2695a0ea-9953-4f1c-bcf0-fd25d9b5a621","1999-08-15T00:15:55-05:00","Condition",,"confirmed"
,"active",,"399211009","History of myocardial infarction (situation)","History of myocardial infarction (situation)",,"http://snomed.info/sct","Encounter/2286e9ff-99e0-431b-833e-1f84d87fac3f","99a15052-9a37-4f43-93bc-b4db204e222b","1999-08-15T00:15:55-05:00","Patient/2695a0ea-9953-4f1c-bcf0-fd25d9b5a621","1999-08-15T00:15:55-05:00","Condition",,"confirmed"
,"active",,"53741008","Coronary Heart Disease","Coronary Heart Disease",,"http://snomed.info/sct","Encounter/943b71c7-d57b-4515-b7cb-f134566fa907","ea8dfd41-8d8b-4542-8b2f-fb12c9b7ce39","1989-10-01T05:47:57-05:00","Patient/4cee554c-9681-47b7-a3c4-06864ec294a0","1989-10-01T05:47:57-05:00","Condition",,"confirmed"
,"active",,"410429000","Cardiac Arrest","Cardiac Arrest",,"http://snomed.info/sct","Encounter/fb9de61d-b6da-4fca-ae17-40817844ecc6","7f20bfa7-6a36-4afc-ade0-cd85c8be11af","1992-11-01T04:47:57-06:00","Patient/4cee554c-9681-47b7-a3c4-06864ec294a0","1992-11-01T04:47:57-06:00","Condition",,"confirmed"
,"active",,"429007001","History of cardiac arrest (situation)","History of cardiac arrest (situation)",,"http://snomed.info/sct","Encounter/fb9de61d-b6da-4fca-ae17-40817844ecc6","e6959242-1e2c-45b3-8d1f-d21f7f168bbe","1992-11-01T04:47:57-06:00","Patient/4cee554c-9681-47b7-a3c4-06864ec294a0","1992-11-01T04:47:57-06:00","Condition",,"confirmed"
,"active",,"53741008","Coronary Heart Disease","Coronary Heart Disease",,"http://snomed.info/sct","Encounter/66378090-2f29-4d12-8c96-6e74b17bd7c8","1ae515e9-dfb4-42b5-9ad7-5d0cc390079e","1990-12-14T19:43:16-06:00","Patient/1b8a7c69-e0d0-4832-a9a1-b487bbc8af90","1990-12-14T19:43:16-06:00","Condition",,"confirmed"
,"active",,"22298006","Myocardial Infarction","Myocardial Infarction",,"http://snomed.info/sct","Encounter/7b0d4fc2-8d29-412e-8443-55bece45cbfc","73fc5206-5d72-4bf2-a421-63335ad73b7d","2007-08-17T20:43:16-05:00","Patient/1b8a7c69-e0d0-4832-a9a1-b487bbc8af90","2007-08-17T20:43:16-05:00","Condition",,"confirmed"
,"active",,"399211009","History of myocardial infarction (situation)","History of myocardial infarction (situation)",,"http://snomed.info/sct","Encounter/7b0d4fc2-8d29-412e-8443-55bece45cbfc","e81aae60-a677-4de6-962e-d9394bfcc797","2007-08-17T20:43:16-05:00","Patient/1b8a7c69-e0d0-4832-a9a1-b487bbc8af90","2007-08-17T20:43:16-05:00","Condition",,"confirmed"
,"active",,"230690007","Stroke","Stroke",,"http://snomed.info/sct","Encounter/bd60bc9a-ac34-4a54-8c99-95a12e2345d6","5ab801fc-0eca-45d1-8a35-807f7741a198","2017-08-04T20:43:16-05:00","Patient/1b8a7c69-e0d0-4832-a9a1-b487bbc8af90","2017-08-04T20:43:16-05:00","Condition",,"confirmed"
,"active",,"53741008","Coronary Heart Disease","Coronary Heart Disease",,"http://snomed.info/sct","Encounter/8ea831a9-185b-446a-8aa0-20016b1fd18c","24577d8b-0332-40c6-9478-e80a5a8d1da4","2012-05-07T12:48:47-05:00","Patient/79cc0744-a539-462f-9526-dbf9028df343","2012-05-07T12:48:47-05:00","Condition",,"confirmed"
,"active",,"22298006","Myocardial Infarction","Myocardial Infarction",,"http://snomed.info/sct","Encounter/2c8738d1-c22b-491a-914e-ecbe0df9b341","a9767041-9420-45b7-8d2c-d9316b58d387","2013-12-16T11:48:47-06:00","Patient/79cc0744-a539-462f-9526-dbf9028df343","2013-12-16T11:48:47-06:00","Condition",,"confirmed"
,"active",,"399211009","History of myocardial infarction (situation)","History of myocardial infarction (situation)",,"http://snomed.info/sct","Encounter/2c8738d1-c22b-491a-914e-ecbe0df9b341","80a2bb73-18e9-4062-aae0-8b727c2797b9","2013-12-16T11:48:47-06:00","Patient/79cc0744-a539-462f-9526-dbf9028df343","2013-12-16T11:48:47-06:00","Condition",,"confirmed"
,"active",,"230690007","Stroke","Stroke",,"http://snomed.info/sct","Encounter/0eceb4c5-a0d8-4546-9cbb-70f41a2388a8","5e3e20c3-53ae-4b1b-aa74-acd5f519c34c","2018-06-02T16:54:17-05:00","Patient/57fffd1c-ce0a-4eb7-81c9-b13117d16f61","2018-06-02T16:54:17-05:00","Condition",,"confirmed"
,"active",,"230690007","Stroke","Stroke",,"http://snomed.info/sct","Encounter/47a13e22-e595-4ec8-b218-abca6b99e83c","d00c2343-3506-4764-b13c-50085e82a7e6","2018-03-24T22:26:19-05:00","Patient/6caf76ba-d951-4539-b4ac-4af0d302c5ce","2018-03-24T22:26:19-05:00","Condition",,"confirmed"
,"active",,"271737000","Anemia (disorder)","Anemia (disorder)",,"http://snomed.info/sct","Encounter/8497eb9b-d03f-4a5d-a822-ceaf70bd5428","398b239a-64dc-4f07-aa5d-89535687e162","2005-11-10T21:12:39-06:00","Patient/632a361d-38e1-484e-8b70-8e5b19bac19f","2005-11-10T21:12:39-06:00","Condition",,"confirmed"
,"active",,"840544004","Suspected COVID-19","Suspected COVID-19",,"http://snomed.info/sct","Encounter/18f34edf-875f-4c77-ad6d-5062a516f4c1","5db6500e-5adc-4c34-b31c-01641bdc0953","2020-04-14T10:30:35-06:00","Patient/0c4a1143-8d1c-42ed-b509-eac97d77c9b2","2020-04-14T10:30:35-06:00","Condition",,"confirmed"
,"active",,"230690007","Stroke","Stroke",,"http://snomed.info/sct","Encounter/d448b3a2-3af3-4890-be8e-390801815b5e","0b1ec08e-5d15-4de3-9ac4-b7ac96181d2f","1964-06-06T20:26:46-05:00","Patient/a1562c58-6a5a-4986-ad56-67b081e43504","1964-06-06T20:26:46-05:00","Condition",,"confirmed"
,"active",,"271737000","Anemia (disorder)","Anemia (disorder)",,"http://snomed.info/sct","Encounter/ea6edd10-3923-4522-b642-889a9adb3d1b","3463faeb-b882-4480-967c-a5eefbd1e9ff","1984-10-25T17:12:48-05:00","Patient/ba0f1145-04fe-454a-98c0-7d3729c43e88","1984-10-25T17:12:48-05:00","Condition",,"confirmed"
,"active",,"271737000","Anemia (disorder)","Anemia (disorder)",,"http://snomed.info/sct","Encounter/ba1f8f33-f47a-4e69-9402-73fd15d33cab","6b68f32f-ac3e-4551-9f4e-8745cef3b9ba","1991-11-28T13:23:44-06:00","Patient/adb9a45d-78dd-43a5-aa24-4f87b1cfa8c0","1991-11-28T13:23:44-06:00","Condition",,"confirmed"
,"active",,"53741008","Coronary Heart Disease","Coronary Heart Disease",,"http://snomed.info/sct","Encounter/d42744a2-f79d-4e8b-bf7f-be290272deb5","a6fd3876-316b-4d09-8fc0-6724594d366c","2006-01-25T18:39:27-06:00","Patient/3fcc242a-81bf-45fc-bfef-4bf6b2ac0fe4","2006-01-25T18:39:27-06:00","Condition",,"confirmed"
,"active",,"88805009","Chronic congestive heart failure (disorder)","Chronic congestive heart failure (disorder)",,"http://snomed.info/sct","Encounter/6d01ee40-4b21-4495-96d8-d1b19a6dbb6d","3a14f67b-138f-4a3a-bca0-543b0f824370","2010-09-04T03:29:25-05:00","Patient/14d06153-763c-4300-8284-df3298ab89cd","2010-09-04T03:29:25-05:00","Condition",,"confirmed"
,"active",,"53741008","Coronary Heart Disease","Coronary Heart Disease",,"http://snomed.info/sct","Encounter/c0308b6a-8fae-42ac-9fa7-619cf19fc881","05c3a4fc-63d8-4135-a53a-8804a7642f5c","2018-03-13T15:06:58-05:00","Patient/30c8d61b-5354-41b9-93df-4e86eb095e59","2018-03-13T15:06:58-05:00","Condition",,"confirmed"
,"active",,"53741008","Coronary Heart Disease","Coronary Heart Disease",,"http://snomed.info/sct","Encounter/3b73e367-9d92-43c2-a6d6-066f7d9af4c1","a5074f31-d9cd-4b91-81a0-04b4c7ee5a2b","2018-01-02T19:39:00-06:00","Patient/c5e392bf-66dd-4c53-a88b-5ae6ce95ac29","2018-01-02T19:39:00-06:00","Condition",,"confirmed"
,"active",,"230690007","Stroke","Stroke",,"http://snomed.info/sct","Encounter/9fa53d09-a66e-469d-a013-9052fa106ba5","f8e43773-3d00-440a-ae9a-0d313fb66a3d","1965-08-23T19:14:55-05:00","Patient/5531b2c3-a6dd-4263-8996-f292bf667011","1965-08-23T19:14:55-05:00","Condition",,"confirmed"
,"active",,"88805009","Chronic congestive heart failure (disorder)","Chronic congestive heart failure (disorder)",,"http://snomed.info/sct","Encounter/486496f7-884b-4fc7-9b2c-289e8809b206","3f3dde40-0a62-46d4-b369-710d6aaf38ca","2000-05-07T19:14:55-05:00","Patient/5531b2c3-a6dd-4263-8996-f292bf667011","2000-05-07T19:14:55-05:00","Condition",,"confirmed"
,"active",,"49727002","Cough (finding)","Cough (finding)",,"http://snomed.info/sct","Encounter/45ce8f10-47e3-4c3d-9fc9-152f776367df","950907ba-1ca3-4c44-ba63-e0426628a59e","2020-03-22T10:37:58-05:00","Patient/e0423728-628a-4c47-8751-517100a9f669","2020-03-22T10:37:58-05:00","Condition",,"confirmed"
,"active",,"386661006","Fever (finding)","Fever (finding)",,"http://snomed.info/sct","Encounter/45ce8f10-47e3-4c3d-9fc9-152f776367df","77845756-3f0c-4d18-a79c-3397529ff1d1","2020-03-22T10:37:58-05:00","Patient/e0423728-628a-4c47-8751-517100a9f669","2020-03-22T10:37:58-05:00","Condition",,"confirmed"