{
  "studyId": "study_1751514826344_721",
  "studyTitle": "good-cardiovascular-study",
  "principalInvestigator": "Dr. Researcher",
  "createdAt": "2025-07-03T03:53:46.345Z",
  "totalFiles": 5,
  "files": [
    "Condition.csv",
    "Encounter.csv",
    "Observation.csv",
    "Patient.csv",
    "Procedure.csv"
  ],
  "metadata": {
    "irbData": {
      "study_title": "good-cardiovascular-study",
      "principal_investigator": "Dr. Researcher",
      "target_patient_count": 500,
      "resources": [
        "Patient",
        "Condition",
        "Procedure",
        "Observation",
        "Encounter"
      ],
      "filters": {
        "gender": "all",
        "age_min": "18",
        "age_max": "65"
      },
      "date_range": {
        "from": "2020-01-01",
        "to": "2025-12-31"
      },
      "additional_notes": "IRB approved: good-cardiovascular-study.txt",
      "fhir_queries": [],
      "patient_criteria": {
        "age_range": {
          "min": 18,
          "max": 65
        },
        "gender": [
          "male",
          "female"
        ],
        "conditions": [],
        "procedures": [],
        "medications": [],
        "encounter_types": [
          "outpatient",
          "inpatient"
        ]
      },
      "data_requirements": {
        "minimum_records": 50,
        "preferred_records": 500,
        "data_quality_requirements": [
          "Complete patient demographics",
          "Valid medical codes"
        ],
        "privacy_considerations": [
          "HIPAA compliance",
          "Data anonymization"
        ]
      }
    },
    "fhirQuery": [
      {
        "resourceType": "Patient",
        "success": true,
        "totalResources": 5,
        "fileName": "Patient_raw.json"
      },
      {
        "resourceType": "Condition",
        "success": true,
        "totalResources": 50,
        "fileName": "Condition_raw.json"
      },
      {
        "resourceType": "Procedure",
        "success": true,
        "totalResources": 50,
        "fileName": "Procedure_raw.json"
      },
      {
        "resourceType": "Observation",
        "success": true,
        "totalResources": 50,
        "fileName": "Observation_raw.json"
      },
      {
        "resourceType": "Encounter",
        "success": true,
        "totalResources": 50,
        "fileName": "Encounter_raw.json"
      }
    ],
    "dataCleaning": [
      {
        "resourceType": "Condition",
        "inputFile": "fhir-data/Condition_raw.json",
        "outputFile": "cleaned-data/Condition.csv",
        "originalCount": 50,
        "cleanedCount": 50,
        "success": true,
        "fields": [
          "asserter_reference",
          "clinical_status",
          "condition_category",
          "condition_code",
          "condition_display",
          "condition_name",
          "condition_system",
          "encounter_reference",
          "id",
          "onset_date",
          "patient_reference",
          "recorded_date",
          "resourceType",
          "verification_status"
        ]
      },
      {
        "resourceType": "Encounter",
        "inputFile": "fhir-data/Encounter_raw.json",
        "outputFile": "cleaned-data/Encounter.csv",
        "originalCount": 50,
        "cleanedCount": 50,
        "success": true,
        "fields": [
          "appointment_reference",
          "encounter_class",
          "encounter_class_display",
          "encounter_end",
          "encounter_start",
          "encounter_status",
          "id",
          "location_end",
          "location_reference",
          "location_start",
          "location_status",
          "patient_reference",
          "provider_reference",
          "reason_code",
          "resourceType"
        ]
      },
      {
        "resourceType": "Observation",
        "inputFile": "fhir-data/Observation_raw.json",
        "outputFile": "cleaned-data/Observation.csv",
        "originalCount": 50,
        "cleanedCount": 50,
        "success": true,
        "fields": [
          "bodySite",
          "category",
          "code",
          "component",
          "contained",
          "dataAbsentReason",
          "derivedFrom",
          "device",
          "effectiveDateTime",
          "effectivePeriod",
          "encounter",
          "id",
          "identifier",
          "interpretation",
          "meta",
          "method",
          "performer",
          "referenceRange",
          "resourceType",
          "status",
          "subject",
          "text",
          "valuePeriod",
          "valueQuantity",
          "valueString"
        ]
      },
      {
        "resourceType": "Patient",
        "inputFile": "fhir-data/Patient_raw.json",
        "outputFile": "cleaned-data/Patient.csv",
        "originalCount": 5,
        "cleanedCount": 5,
        "success": true,
        "fields": [
          "address_line1",
          "birth_date",
          "city",
          "country",
          "deceased",
          "email",
          "first_name",
          "full_name",
          "gender",
          "id",
          "last_name",
          "phone",
          "postal_code",
          "resourceType",
          "state"
        ]
      },
      {
        "resourceType": "Procedure",
        "inputFile": "fhir-data/Procedure_raw.json",
        "outputFile": "cleaned-data/Procedure.csv",
        "originalCount": 50,
        "cleanedCount": 50,
        "success": true,
        "fields": [
          "code",
          "encounter",
          "id",
          "identifier",
          "meta",
          "note",
          "performedDateTime",
          "performedPeriod",
          "performer",
          "reasonCode",
          "resourceType",
          "status",
          "subject"
        ]
      }
    ]
  }
}