{
  "studyId": "study_1751475796234_722",
  "studyTitle": "IRB_V5_Incorrect_Data_Sharing_Policy",
  "principalInvestigator": "Dr. Researcher",
  "createdAt": "2025-07-02T17:03:16.235Z",
  "totalFiles": 1,
  "files": [
    "Condition.csv"
  ],
  "metadata": {
    "irbData": {
      "study_title": "IRB_V5_Incorrect_Data_Sharing_Policy",
      "principal_investigator": "Dr. Researcher",
      "target_patient_count": 500,
      "resources": [
        "Patient",
        "Condition"
      ],
      "filters": {
        "gender": "all",
        "age_min": "18",
        "age_max": "65"
      },
      "date_range": {
        "from": "2020-01-01",
        "to": "2025-12-31"
      },
      "additional_notes": "IRB approved: IRB_V5_Incorrect_Data_Sharing_Policy.pdf"
    },
    "fhirQuery": [
      {
        "resourceType": "Patient",
        "totalResources": 0,
        "fileName": "Patient_raw.json",
        "success": false,
        "error": "Request failed with status code 400"
      },
      {
        "resourceType": "Condition",
        "totalResources": 500,
        "fileName": "Condition_raw.json",
        "success": true
      }
    ],
    "dataCleaning": [
      {
        "resourceType": "Condition",
        "inputFile": "fhir-data/Condition_raw.json",
        "outputFile": "cleaned-data/Condition.csv",
        "originalCount": 500,
        "cleanedCount": 468,
        "success": true,
        "fields": [
          "abatement_date",
          "asserter_reference",
          "clinical_status",
          "condition_category",
          "condition_code",
          "condition_display",
          "condition_name",
          "condition_notes",
          "condition_system",
          "encounter_reference",
          "id",
          "onset_date",
          "patient_reference",
          "recorded_date",
          "resourceType",
          "severity",
          "verification_status"
        ]
      }
    ]
  }
}