{
  "studyId": "study_1751486188786_222",
  "studyTitle": "good-diabetes-study",
  "principalInvestigator": "Dr. Researcher",
  "createdAt": "2025-07-02T19:56:28.788Z",
  "totalFiles": 1,
  "files": [
    "Condition.csv"
  ],
  "metadata": {
    "irbData": {
      "study_title": "good-diabetes-study",
      "principal_investigator": "Dr. Researcher",
      "target_patient_count": 500,
      "resources": [
        "Patient",
        "Condition",
        "Procedure",
        "Observation"
      ],
      "filters": {
        "gender": "all",
        "age_min": "18",
        "age_max": "65"
      },
      "date_range": {
        "from": "2020-01-01",
        "to": "2025-12-31"
      },
      "additional_notes": "IRB approved: good-diabetes-study.txt",
      "fhir_queries": [
        {
          "resourceType": "Patient",
          "filters": {
            "active": true,
            "gender": "all"
          },
          "count": 500,
          "priority": "high",
          "reasoning": "Primary patient population for study"
        },
        {
          "resourceType": "Condition",
          "filters": {
            "clinical-status": "active"
          },
          "count": 1000,
          "priority": "high",
          "reasoning": "Study requires condition data"
        },
        {
          "resourceType": "Procedure",
          "filters": {
            "status": "completed"
          },
          "count": 750,
          "priority": "medium",
          "reasoning": "Study may require procedure data"
        },
        {
          "resourceType": "Observation",
          "filters": {
            "status": "final"
          },
          "count": 1500,
          "priority": "medium",
          "reasoning": "Study may require observation data"
        }
      ],
      "patient_criteria": {
        "age_range": {
          "min": 18,
          "max": 65
        },
        "gender": [
          "male",
          "female"
        ],
        "conditions": [],
        "procedures": [],
        "medications": [],
        "encounter_types": [
          "outpatient",
          "inpatient"
        ]
      },
      "data_requirements": {
        "minimum_records": 50,
        "preferred_records": 500,
        "data_quality_requirements": [
          "Complete patient demographics",
          "Valid medical codes"
        ],
        "privacy_considerations": [
          "HIPAA compliance",
          "Data anonymization"
        ]
      }
    },
    "fhirQuery": [
      {
        "resourceType": "Patient",
        "success": true,
        "totalResources": 0,
        "fileName": "Patient_raw.json"
      },
      {
        "resourceType": "Condition",
        "success": true,
        "totalResources": 500,
        "fileName": "Condition_raw.json"
      },
      {
        "resourceType": "Procedure",
        "success": true,
        "totalResources": 500,
        "fileName": "Procedure_raw.json"
      },
      {
        "resourceType": "Observation",
        "success": true,
        "totalResources": 500,
        "fileName": "Observation_raw.json"
      }
    ],
    "dataCleaning": [
      {
        "resourceType": "Condition",
        "inputFile": "fhir-data/Condition_raw.json",
        "outputFile": "cleaned-data/Condition.csv",
        "originalCount": 500,
        "cleanedCount": 468,
        "success": true,
        "fields": [
          "abatement_date",
          "asserter_reference",
          "clinical_status",
          "condition_category",
          "condition_code",
          "condition_display",
          "condition_name",
          "condition_notes",
          "condition_system",
          "encounter_reference",
          "id",
          "onset_date",
          "patient_reference",
          "recorded_date",
          "resourceType",
          "severity",
          "verification_status"
        ]
      }
    ]
  }
}